Main-Item,Number of Triples,Summary 1,Target
http://www.wikidata.org/entity/Q214565,2,هيلين بياتريكس بوتر (28 يوليو 1866 - 22 ديسمبر 1943) كانت كاتبة إنجليزية، ورسام، وعالم طبيعي، ومحمية معروفة بكتب أطفالها التي تضم حيوانات، مثل تلك الموجودة في حكاية بيتر رابت.,هيلين بياتريكس بوتر (28 يوليو 1866 – 22 ديسمبر 1943) هي روائية إنجليزية ورسامة وشاعرة وعالمة الطبيعية وخبيرة في الحفاظ على البيئة.
http://www.wikidata.org/entity/Q819181,2,دورنبورغ-كامبورغ هي مدينة في منطقة سالي هولزلاند، في تورنغن، ألمانيا.,دمبورغ كامبورغ (بالألمانية: Dornburg-Camburg) هي بلدة ألمانية تقع في ألمانيا في تورينغن.
http://www.wikidata.org/entity/Q45081,2,هيرمان غمينر (23 يونيو 1919 - 26 أبريل 1986) كان خير النمساوي ومؤسس قرى الأطفال سوس.,هيرمان قيمنر (26 أبريل 1986 23 يونيو 1919) كان فاعل خير نمساوي، ومؤسس قرى الأطفال إس أو إس.
http://www.wikidata.org/entity/Q51961,2,سيراكابريولا هي بلدة ومدينة في مقاطعة فوجيا، في منطقة أبوليا في جنوب شرق إيطاليا.,سيراكابريولا (بالإيطالية: Serracapriola) هي بلدية في مقاطعة فودجا في إقليم بوليا الإيطالي.
http://www.wikidata.org/entity/Q53944,2,كيث روبرت مردوخ / مردك /، أس، كسغ (ولد في 11 مارس 1931) هو مالك وسائل الإعلام الأمريكية الاسترالية المولد.,كيث روبرت مردوخ (بالإنجليزية: Keith Rupert Murdoch) هو رجل أعمال أسترالي أمريكي (من مواليد 11 مارس 1931) يعتبر قطب من أقطاب التجارة والاعلام الدولي، وهو حائز على شارة المرتبة الأسترالية وصليب مرتبة القديس جورج الأكبر.
http://www.wikidata.org/entity/Q224097,2,إيلي ماكفرسون (ولدت في 29 مارس 1964) هو نموذج أسترالي، سيدة أعمال، مضيفة تلفزيونية وممثلة.,إيل ماكفيرسون (بالإنجليزية: Elle Macpherson) وإسمها الحقيقي إليانور نانسي غو وهي سيدة أعمال و مضيفة تلفزيونية و عارضة أزياء و ممثلة أسترالية ولدت في 29 مارس في عام 1963 أو في 1964 في مدينة سيدني في أستراليا.
http://www.wikidata.org/entity/Q7039,2,لهر هي مدينة تقع في غرب بادن فورتمبيرغ، ألمانيا، على بعد حوالي 50 كم شمال فرايبورغ في بريسغاو، على بعد 40 كم جنوب شرق ستراسبورغ، و 95 كم جنوب غرب كارلسروه.,لار بادن وورتمبرغ (بالألمانية: Lahr) هي Grosse Kreisstadt، مدينة و بلدة ألمانية تقع في ألمانيا في بادن-فورتمبيرغ.
http://www.wikidata.org/entity/Q79880,2,ديبريسن ([دبروتسن])؛ المعروفة بأسماء بديلة) هي ثاني أكبر مدينة في المجر بعد بودابست.,دبرتسن (بالمجرية: Debrecen) هي ثاني أكبر مدينة في المجر بعد العاصمة بودابست.
http://www.wikidata.org/entity/Q776965,2,كلايبيدا ([kɫɐɪˑpʲeːd̪ɐ])، تاريخيا المعروف أيضا باسم ميميل، هي مدينة في ليتوانيا على ساحل بحر البلطيق.,"كلايبيدا (بالليتوانية: Klaipėda, بالألمانية: Memel) هي مدينة في ليتوانيا وعاصمة أقليم كلابيدا تقع على مصب نهر نيمان حيث يصب في بحر البلطيق وتعتبر ثالث مدن ليتوانيا من حيث الكبر."
http://www.wikidata.org/entity/Q170297,2,البابا بونيفاس الثالث (اللاتينية: بونيفاتيوس الثالث؛ توفي 12 نوفمبر 607) كان البابا من 19 فبراير إلى وفاته في 607.,البابا بونيفاس الثالث (باللاتينية: Bonifacius III) هو بابا الكنيسة الكاثوليكية في الفترة من 19 فبراير 607 إلى 12 نوفمبر من العام ذاته.
http://www.wikidata.org/entity/Q12809,2,2028 (مفسفيي) سوف تكون سنة كبيسة تبدأ يوم السبت (خطاب دومينيكال با) من التقويم الغريغوري، السنة 2028 من العصر المشترك (سي) وأنو دوميني (أد) التسميات، في السنة ال 28 من الألفية الثالثة، و 28 سنة من القرن الحادي والعشرين، والسنة التاسعة من العقد 2020s.,سنة 2028 (بالأرقام الرومانية: MMXXVIII) ستكون سنة كبيسة تبدأ يوم السبت (الرابط يظهر نموذج الجدول الزمني الكامل للسنة) من التقويم الغريغوري.
http://www.wikidata.org/entity/Q30468,2,السنة 897 (دكسكفي) كان عاما شائعا ابتداء من يوم السبت (رابط سيعرض التقويم الكامل) للتقويم جوليان.,سنة 897 كانت سنة بسيطة تبدأ يوم السبت (الرابط يظهر نموذج التقويم الكامل للسنة) من التقويم اليولياني.
http://www.wikidata.org/entity/Q34932,2,بريسبان (/ برزبن /) هي العاصمة والمدينة الأكثر اكتظاظا بالسكان في ولاية كوينزلاند الاسترالية، وثالث المدن الأكثر اكتظاظا بالسكان في أستراليا.,بريزبن (بالإنجليزية: Brisbane) هي عاصمة ولاية كوينزلاند، أستراليا، وأكبر مدن الولاية من حيث عدد السكان.
http://www.wikidata.org/entity/Q188044,2,ميرلين هو شخصية الأسطوري المعروف باسم المعالج ظهرت في أسطورة أرثوريان.,مرلين ميرلين، مارلين (بالإنكليزية: Merlin) شخصية خيالية من الأسطورة الآرثرية لساحر أبيض جبار، ارتبط بميلاد الملك آرثر، ونشأة كاميلوت.
http://www.wikidata.org/entity/Q177837,2,"ويكيبيديا ويكيبيديا نيهونغو-بان، حرفيا ""النسخة اليابانية"" هي النسخة اليابانية من ويكيبيديا، موسوعة حرة، مفتوحة المحتوى.","ويكيبيديا اليابانية (باليابانية: 日本語版ウィキペディア) هي إصدارة اللغة اليابانية من موسوعة ويكيبيديا, تاريخ إطلاقها كان في سبتمبر 2002، وفي يناير 2016 أصبح لديها أكثر من 1,000,000 مقالة, وترتيبها الخامسة بين الويكيبيديات حسب الحجم."
http://www.wikidata.org/entity/Q2166335,2,جامعة جنوب الدنمارك (الدانماركية: سيدانسك ونيفرزيتيت، حرفيا جامعة جنوب الدانمركية، أبر.,جامعة جنوب الدنمارك (باللغة الدنماركية:Syddansk Universitet) هي ثالث أكبر جامعة في الدنمارك بعد جامعة كوبنهاغن وجامعة آرهوس.
http://www.wikidata.org/entity/Q40543,2,مونتو بيكاريا هو كومون (بلدية) في مقاطعة بافيا في المنطقة الإيطالية لومباردي، وتقع على بعد حوالي 50 كم (31 ميل) جنوب ميلانو وحوالي 20 كم (12 ميل) جنوب شرق بافيا.,مونتو بيكاريا (بالإيطالية: Montù Beccaria) هي بلدة تقع في مقاطعة بافيا بإقليم لومبارديا في شمال إيطاليا.
http://www.wikidata.org/entity/Q17778,2,كاستيل ألفيرو هي بلدية في مقاطعة أستي في المنطقة الإيطالية بيدمونت، على بعد حوالي 40 كيلومترا (25 ميلا) شرق تورينو وحوالي 9 كيلومترات (6 ميل) شمال أستي.,كاستل ألفيرو (بالإيطالية: Castell'Alfero) هي بلدة وبلدية في مقاطعة أستي في إقليم بييمونتي في جنوب إيطاليا.
http://www.wikidata.org/entity/Q1136201,2,في الأساطير اليونانية، كان نيسوس ملك ميغارا، واحد من أربعة أبناء بانديون الثاني، ملك أثينا.,نيسوس في الميثولوجيا الإغريقية هو ملك ميغارا وشقيق أيغيوس أحد أبناء بانديون الثاني ملك أثينا.
http://www.wikidata.org/entity/Q187972,2,إيبيريا، ليناس إيريس دي إسبانا، S.A.,الخطوط الجوية الأيبيرية أو أيبيريا (بالإنجليزية: Iberia Airlines) هي شركة الطيران الرسمية الأسبانية، يقع مقرها الرئيسي في العاصمة مدريد وتتخذ من مطار مدريد الدولي مركزاً لعملياتها بالإضافة لمركزها الثاني في مطار برشلونة الدولي، وتقدم الشركة خدماتها لأكثر من 115 وجهة في أوروبا، أفريقيا، آسيا وأمريكا الشمالية، وتعتبر أيبيريا عضو في تحالف عالم واحد.
http://www.wikidata.org/entity/Q574375,2,كان ميكانو فرقة البوب ​​الاسبانية التي شكلت في عام 1981 ونشطة حتى عام 1992.,ميكانو هو فريق أسباني لموسيقي البوب، نشط بين عامي 1981 و 1992.
http://www.wikidata.org/entity/Q1193299,2,وتنتشر قرش تمينك أو قرش تمينك القرون (إريموفيلا بيلوفا) في معظم أنحاء شمال أفريقيا، عبر شمال المملكة العربية السعودية إلى غرب العراق.,قنبرة الصحراء المقرنة وتسمى أيضا قبرة تمنك القرناء، قبرة تمنك (الاسم العلمي: Eremophila bilopha) (بالإنجليزية: Temminck's Lark)، هو طائر ينتمي إلى قبرة (فصيلة: Alaudidae).
http://www.wikidata.org/entity/Q850730,2,جامعة جرونينجن (الهولندية: ريكسونيفرزيتيت جرونينجن، حرفيا جامعة إمبريال جرونينجن؛ اختصار في اللغة الإنجليزية كما أوغ)، وتقع في مدينة جرونينجن، تأسست في 1614.,جامعة خرونينغن (بالهولندية: Rijksuniversiteit Groningen) هي جامعة هولندية مقرها مدينة خرونينغن.
http://www.wikidata.org/entity/Q546530,2,واسونجن هي بلدة في منطقة شمالكالدن-مينينجن، في تورنغن، ألمانيا.,فازونغن (بالألمانية: Wasungen) هي بلدة ألمانية تقع في تورينغن في ألمانيا.
http://www.wikidata.org/entity/Q51450,2,جوليانوفا هي بلدة ساحلية ومدينة في مقاطعة تيرامو في وسط إيطاليا.,جوليانوفا (بالإيطالية: Giulianova) هي بلدة ساحلية وبلدية في مقاطعة تيرامو في إيطاليا.
http://www.wikidata.org/entity/Q391361,2,ľaľa (حول هذا النطق الصوتي؛ المجرية: فاجسلي، الألمانية: شيل) هي مدينة في جنوب غرب سلوفاكيا.,شالا (بالسلوفاكية: Šaľa) مدينة في غرب سلوفاكيا وتتبع إقليم نيترا.
http://www.wikidata.org/entity/Q309754,2,"أنطون لامازاريس (1954) هو رسام إسباني، هو، جنبا إلى جنب مع خوسيه ماريا سيسيليا، ميكيل بارسيلو و فيكتور ميرا، وهو عضو في ""جينيراشيون دي لوس 80"".",أنتون لاماثاريس رسام إسباني ولد في بونتيبيدرا بمقاطعة بونتيبيدرا بجاليثيا في إسبانيا عام 1954.
http://www.wikidata.org/entity/Q11032,2,صحيفة هي عبارة عن منشور تسلسلي يحتوي على أخبار، مقالات أخرى مفيدة ()، والإعلان عادة.,صحيفة هي مطبوعة دورية الإصدار متنوعة لها نمط وشكل تندرج مع النشرة و المطوية تتابع مادة منتظمة استمع إلى هذه المقالة (معلومات)مقالة مسموعةملف الصوت هذا قد أنشئ من المراجعة المؤرخة 21 يناير 2011، ولا يعكس التغييرات التي قد تحدث للمقالة بعد هذا التاريخ.
http://www.wikidata.org/entity/Q19736,2,عام 1190 (مسكسك) كان عاما شائعا ابتداء من يوم الاثنين (رابط سيعرض التقويم الكامل) للتقويم جوليان.,سنة 1190 كانت سنة بسيطة تبدأ يوم الإثنين (الرابط يظهر نموذج التقويم الكامل للسنة) من التقويم اليولياني.
http://www.wikidata.org/entity/Q61661,2,كاندرن هي بلدة في جنوب غرب ألمانيا في ولاية بادن فورتمبيرغ، في كريس (منطقة) لوراتش.,كاندرن (بالألمانية: Kandern) هي مدينة و بلدة ألمانية تقع في ألمانيا في لوراخ.
http://www.wikidata.org/entity/Q48231,2,إيدي أمين دادا (/ إدي ɑːmiːn /؛ c.,عيدي أمين دادا (1925 - 16 أغسطس 2003) ويعرف باسم عيدي أمين، هو رئيس أوغندا الثالث في الفترة بين عامي 1971 و1979.
http://www.wikidata.org/entity/Q651036,2,و 2070s هو عقد من التقويم الغريغوري الذي سيبدأ في 1 يناير 2070 وسوف تنتهي في 31 ديسمبر 2079.,عقد 2040عقد 2050عقد 2060 عقد 2070عقد 2080عقد 2090عقد 2100 عقد 2070 هو عقد يبدأ يوم 1 يناير 2070 وينتهي في 31 ديسمبر 2079
http://www.wikidata.org/entity/Q43449,2,كريتيف كومونس (سيسي) هي منظمة غير ربحية مكرسة لتوسيع نطاق الأعمال الإبداعية المتاحة للآخرين للبناء على القانون والمشاركة.,20بك هذه المقالة عن منظمة المشاع الإبداعي؛ إن كنت تبحث عن مقالة أخرى عن تلك الرخصة الصادرة عن المنظمة، فانظر رخصة المشاع الإبداعي.
http://www.wikidata.org/entity/Q539604,2,كرانيكفيلد هي بلدة في منطقة ويمارر لاند، في تورينجيا.,كرانيشفلد (بالألمانية: Kranichfeld) هي بلدة ألمانية تقع في ألمانيا في تورينغن.
http://www.wikidata.org/entity/Q392937,2,بروتستانتي إيثيك وروح الرأسمالية (الألمانية: يموت بروتستانتيسش إيثيك أوند دير جيست ديس كابيتاليسموس) هو كتاب كتبه ماكس ويبر، عالم الاجتماع الألماني والاقتصادي والسياسي.,الأخلاق البروتستانتية وروح الرأسمالية كتاب من تأليف ماكس فيبر يتحدث فيه عن ان كيف ان الأخلاق البروتستانتية ساعدت إلى تكوين الرأسمالية الجديدة وأن البروتستانت أغنى من الكاثوليك.
http://www.wikidata.org/entity/Q41003,2,باليسترو هي بلدة ومدينة في مقاطعة بافيا.,باليسترو (بالإيطالية: Palestro) هي بلدة تقع في مقاطعة بافيا بإقليم لومبارديا في شمال إيطاليا.
http://www.wikidata.org/entity/Q42914,2,برنات تيسان هو كومون (بلدية) في مقاطعة ميلانو في منطقة لومبارديا الإيطالية، وتقع على بعد حوالي 25 كيلومترا (16 ميل) غرب ميلانو.,بيرناتي تيتشينو هي بلدة تقع في لومبارديا التابعة لمقاطعة ميلان في إيطاليا وبلغ عدد سكانها 2939 نسمة حسب إحصائيات عام 2006م.وتبعد 25 كم غربا عن ميلان.
http://www.wikidata.org/entity/Q17630,2,أوفيجليو (أوفيج في بيدمونتي) هي بلدية تقع في مقاطعة اليساندريا في المنطقة الإيطالية بيدمونت، وتقع على بعد حوالي 70 كيلومترا (43 ميل) جنوب شرق تورينو وحوالي 12 كيلومترا (7 ميل) جنوب غرب اليساندريا.,أوفيليو (بالإيطالية: Oviglio) هي بلدية في مقاطعة ألساندريا في إقليم بييمونتي في إيطاليا.
http://www.wikidata.org/entity/Q163872,2,الفارس المظلم هو فيلم خارقة 2008 إخراج، أنتج، وشارك في كتابة كريستوفر نولان.,فارس الظلام (بالإنجليزية: The Dark Knight) هو فيلم بطلٍ خارقٍ ملحميّ أمريكيّ-بريطانيّ صدر في 2008، قام بإخراجه، وإنتاجه، والمشاركة في كتابته المخرج كريستوفر نولان، وهو مبنيٌّ على شخصية قصص دي سي المصورة باتمان.
http://www.wikidata.org/entity/Q170478,2,بورنموث / bɔːrnməθ / هي مدينة منتجع ساحلي كبير على الساحل الجنوبي لإنجلترا مباشرة إلى الشرق من الساحل الجوراسي، على بعد 96 ميلا (155 كم) من مواقع التراث العالمي.,"بورنموث (بالإنجليزية: Bournemouth) "" هي مدينة في مقاطعة دورست، في إنجلترا."
http://www.wikidata.org/entity/Q1266113,2,و تشاتشالاكا غرب المكسيك (أورتاليس بوليوشيفالا) هو نوع من الطيور في عائلة كراسيداي.,شاشالاكا مكسيكي (الاسم العلمي:Ortalis poliocephala) هو نوع من الطيور يتبع جنس الشاشالاكا من فصيلة القرازية .
http://www.wikidata.org/entity/Q14833,2,هاينسبرغ هي مدينة في شمال الراين وستفاليا، ألمانيا.,هاينزبرغ (بالألمانية: Heinsberg) هي بلدة ألمانية تقع في ألمانيا في هاينسبرغ.
http://www.wikidata.org/entity/Q490412,2,بريولو غارغالو (صقلية: بريولو) هو كومون (بلدية) في مقاطعة سيراكيوز، صقلية (إيطاليا).,بريولو غارغالو (بالإيطالية: Priolo Gargallo) هي بلدية في مقاطعة سرقوسة في صقلية الإيطالية.
http://www.wikidata.org/entity/Q785653,2,في علم النفس جونجيان، النماذج هي عناصر متقدمة للغاية من اللاوعي الجماعي.,تشير نظرية الأنماط الأولية إلى بناء مقترح من قبل العالم السويسري كارل يونج لشرح الصور النمطية الأولية، بمعنى آخر، كل الصور المرتبطة بالأحلام واللاوعي والأوهام التي تقترن سويًا بدوافع عالمية خاصة تنتمي إلى الأديان والأساطير والخرافات.
http://www.wikidata.org/entity/Q550262,2,غاليليو فيراريس (31 أكتوبر 1847 - 7 فبراير 1897) كان فيزيائي ايطالي ومهندس كهربائي، واحدة من رواد نظام الطاقة أس ومخترع المحرك التعريفي.,غاليليو فيراري (31 أكتوبر 1847 – 7 فبراير 1897) فيزيائي ومهندس كهربائي إيطالي، وأحد رواد البحث والاختراع في مجال أنظمة قدرة التيار المتردد ومخترع المحرك الحثي.
http://www.wikidata.org/entity/Q493457,2,سكاليتا زانكليا هو كومون (بلدية) في مقاطعة ميسينا في المنطقة الإيطالية صقلية، وتقع على بعد حوالي 180 كيلومترا (110 ميل) شرق باليرمو وحوالي 15 كيلومترا (9 ميل) جنوب غرب ميسينا.,سكاليتا زانكليا (بالإيطالية: Scaletta Zanclea) هي بلدية في مقاطعة ميسينا في صقلية الإيطالية.
http://www.wikidata.org/entity/Q2668319,2,ويتار المتغير (أوينانث بيكاتا) هو نوع من الطيور في الأسرة موسيكابيداي.,أبلق متغير[بحاجة لمصدر] (الاسم العلمي:Oenanthe picata) (بالإنجليزية: Variable Wheatear) هي نوع من الطيور يتبع جنس الأبلق من الفصيلة صائدات الذباب .
http://www.wikidata.org/entity/Q499911,2,جامعة تورينو (الإيطالية: جامعة ديجلي ستودي دي تورينو، أو غالبا ما يختصر إلى أونيتو) هي جامعة في مدينة تورينو في منطقة بيدمونت شمال غرب إيطاليا.,جامعة تورينو (بالإيطالية: Università degli Studi di Torino، وتختصر إلى UNITO) هي جامعة إيطالية مقرها مدينة تورينو.
http://www.wikidata.org/entity/Q17362,2,فروجارولو هي بلدية تقع في مقاطعة اليساندريا في المنطقة الإيطالية بيدمونت، وتقع على بعد حوالي 80 كيلومترا (50 ميل) جنوب شرق تورينو وحوالي 11 كيلومترا (7 ميل) جنوب شرق اليساندريا.,فروغارولو (بالإيطالية: Frugarolo) هي بلدية في مقاطعة ألساندريا في إقليم بييمونتي في إيطاليا.
http://www.wikidata.org/entity/Q1972416,2,وداد رياضي تلمسان (وداد رياضي تلمسان)، والمعروفة باسم وا تلمسان أو وات قصيرة، هو نادي كرة القدم الجزائري مقرها في تلمسان.,وداد تلمسان هو النادي الأول لمدينة تلمسان عاصمة الزيانيين وأحد أفضل وأعرق أندية الغرب الجزائري تأسس عام 1962 وأفضل موسم له هو موسم 1998 حين حقق الكأس وبطولة الأندية العربية لأبطال الدوري في ذات الموسم.
http://www.wikidata.org/entity/Q11151,2,كأس الاتحاد الانجليزي هو مسابقة كرة القدم خروج المغلوب السنوية لكرة القدم في كرة القدم الإنجليزية المحلية للرجال.,كأس الاتحاد الإنجليزي لكرة القدم (FA Cup) هو البطولة الرسمية الثانية لأندية كرة القدم الإنجليزية بعد الدوري الإنجليزي الممتاز، يشرف على البطولة الاتحاد الإنجليزي لكرة القدم.
http://www.wikidata.org/entity/Q227072,2,زويرات (الزويرات) هي أكبر مدينة في شمال موريتانيا وعاصمة منطقة تيريس زمور، ويبلغ عدد سكانها 44،649 نسمة (2012).,الزويرات مدينة موريتانية وعاصمة ولاية تيرس زمور.
http://www.wikidata.org/entity/Q1163234,2,كانت اللاتينية في العصور الوسطى شكل اللاتينية المستخدمة في العصور الوسطى، في المقام الأول كوسيلة للتبادل العلمي واللغة الليتورجية من المسيحية الخلقيدونية والكنيسة الكاثوليكية الرومانية، ولكن أيضا كلغة العلم والأدب والقانون والإدارة.,لاتينية العصور الوسطى هي إحدى صور اللغة اللاتينية التي استخدمت في العصور الوسطى، كلغة يتداولها العلماء وكلغة مقدسة داخل الكنيسة الرومانية الكاثوليكية في العصور الوسطى، واستخدمت أيضًا كلغة لتدوين العلوم والآداب والقوانين والإدارة.
http://www.wikidata.org/entity/Q27465,2,الضفدع المشترك (رنا تيمبوراريا)، المعروف أيضا باسم الضفدع المشترك الأوروبي، الضفدع البني المشترك الأوروبي، أو الضفدع الأوروبي الأوروبي، هو برمائية شبه مائية لعائلة رانيداي، وجدت في معظم أنحاء أوروبا إلى أقصى الشمال كما الاسكندنافية وبعيدا الشرق مثل الأورال، باستثناء معظم الإيبيرية، جنوب إيطاليا، وجنوب البلقان.,ضفدع شائع (الاسم العلمي:Rana temporaria) (بالإنجليزية: common frog) هو نوع من البرمائيات يتبع جنس الضفدع الحقيقي من فصيلة الضفادع الحقيقية .
http://www.wikidata.org/entity/Q14808,2,أورانينبورغ هي مدينة في براندنبورغ، ألمانيا.,ارانينبرغ (بالألمانية: Oranienburg) هي مدينة و بلدة ألمانية تقع في ألمانيا في براندنبورغ.
http://www.wikidata.org/entity/Q34107,2,مونتيروسو ألمو (صقلية: مونتيروسو) هي كومون في محافظة راغوزا، صقلية، إيطاليا.,مونتيروسو ألمو (بالإيطالية: Monterosso Almo) هي بلدية في مقاطعة راغوزا في صقلية الإيطالية.
http://www.wikidata.org/entity/Q6522,2,سنة 1458 (مكلفيي) كان عاما شائعا ابتداء من يوم الأحد (رابط سيعرض التقويم الكامل) للتقويم جوليان.,سنة 1458 كانت سنة بسيطة تبدأ يوم الأحد (الرابط يظهر نموذج التقويم الكامل للسنة) من التقويم اليولياني.
http://www.wikidata.org/entity/Q1751919,2,بوزويلو ديل ري هي بلدية من مدريد، إسبانيا.,بوزويلو ديل ري (بالإنجليزية: Pozuelo del Rey) هي بلدية ومدينة في منطقة الحكم الذاتي وتقع في منطقة مدريد في وسط إسبانيا.
http://www.wikidata.org/entity/Q618372,2,تورفيزكون هي بلدية تقع في مقاطعة غرناطة، إسبانيا.,بلدية تورفيثكون (بالإسبانية: Torvizcón) هي بلدية تقع في مقاطعة غرناطة التابعة لمنطقة أندلوسيا جنوب إسبانيا.
http://www.wikidata.org/entity/Q179645,2,"شينجوكو (新宿 区 شينجوكو كو، ""نيو لودج"") هو جناح خاص في طوكيو، اليابان.","شينجوكو (باليابانية: 新宿区 شنجوكو-كو) وتعني ""حي شينجوكو"" هو أحد أحياء طوكيو ال 23."
http://www.wikidata.org/entity/Q133189,2,"الكلب الراكون (نيكتريوتس بروسيونويدس، من الكلمات اليونانية nukt-، ""ليلة"" + إريوتس، ""وانديرر"" + بروكوين، ""قبل الكلب"" [ولكن في اللاتينية الجديدة تستخدم يعني ""الراكون""] + -awss ""، أوويد "")، المعروف أيضا باسم مانغوت أو تانوكي، هو قرد من السكان الأصليين في شرق آسيا.",الكلب الدرباني أو كلب الراكون (Nyctereutes procyonoides) هو أحد أنواع الكلبيات الذي ينتشر في أوروبا الشرقية وآسيا الشرقية والشبيه بحيوان الراتون الغاسل ،وهو النوع الوحيد في عائلة الكلبيات الذي يعتبر البيات الشتوي ميزة فيه.وهو الممثل لجنس Nyctereutes.
http://www.wikidata.org/entity/Q241499,2,مصيدة الذباب حمراء الصدر (فيسولا بارفا) هو طائر ممر صغير في الأسرة مصيدة الذباب العالم القديم.,خاطف الذباب أحمر الصدر او خطاف الذباب أحمر الصدر (الاسم العلمي: Ficedula parva) (بالإنجليزية: Red-breasted Flycatcher) هو طائر ينتمي إلى (فصيلة: Muscicapidae).
http://www.wikidata.org/entity/Q234087,2,ناكانو (中 野 区 ناكانو-كو) هو جناح خاص في طوكيو، اليابان.,"ناكانو (باليابانية: 中野区 ناكانو-كو) وتعني ""حي ناكانو"" هو أحد أحياء طوكيو ال 23."
http://www.wikidata.org/entity/Q18033,2,كاماندونا هو كومون (بلدية) في مقاطعة بييلا في المنطقة الإيطالية بيدمونت، وتقع على بعد حوالي 70 كيلومترا (43 ميل) شمال شرق تورينو وحوالي 9 كم (6 ميل) شمال شرق بييلا.,كاماندونا (بالإيطالية: Camandona) هي بلدية في مقاطعة بييلا في إقليم بييمونتي في إيطاليا.
http://www.wikidata.org/entity/Q483522,2,فيلاخ (حول هذا الصوت / فولاكس /؛ السلوفينية: بيلجاك، الإيطالية: فيلاكو، فريوليان: فيلاك) هي سابع أكبر مدينة في النمسا وثاني أكبر مدينة في ولاية كارينثيا الاتحادية.,فيلاخ (بالألمانية: Villach، بالسلوفينية:Beljaبالإيطالية: Villaco، بالفريولية: Vilac) هي سابع أكبر مدينة في النمسا وثاني أكبر مدينة في الولاية الاتحادية كيرنتن.
http://www.wikidata.org/entity/Q12245,2,ستانلي (/ ستينلي /؛ المعروف أيضا باسم بورت ستانلي) هي عاصمة جزر فوكلاند.,ستانلي و تعرف أيضاً بميناء ستانلي هي عاصمة جزر فوكلاند الواقعة ضمن قارة أمريكا الجنوبية و تعتبر هي المدينة الحقيقية الوحيدة في هذه الجزر.تقع هذه المدينة في الجزء الشرقي من الجزر و إلى الجنوب من ميناء ستانلي.في واحدة من أكثر الأماكن رطوبة في الجزر.بلغ عدد سكان المدينة حسب إحصاءات عام 2006 ما يقارب 2115 نسمة.
http://www.wikidata.org/entity/Q180775,2,سينت-جانس-مولنبيك (الهولندية، [سانت جونز مولمبيك]) أو مولنبيك سان جان (الفرنسية، وضوحا [مولنبيك sɛ ʒɑ]) هي واحدة من 19 بلدية في منطقة العاصمة بروكسل (بلجيكا).,مولينبيك أو مولينبيك سان جان Sint-Jans-Molenbeek( بالهولندية) Molenbeek-Saint-Jean ( بالفرنسية)، هي منطقة حضرية تشكل إحدى البلديات التسعة عشر التابعة لإقليم بروكسل العاصمة في بلجيكا ، وتعرف اختصارا أيضا باسم مولينبيك وتضم مجتمعا خليطا من بين الناطقين باللغات الفرنسية و الهولندية و العربية ويغلب على تكوينها السكاني البلجيك من ذوي الأصول المهاجرة والمهاجرين خاصة من المغرب و تركيا .
http://www.wikidata.org/entity/Q36312,2,كالجاري / كلري / هي مدينة في مقاطعة ألبرتا، كندا.,"كالغاري (بالإنجليزية: Calgary) تعتبر مدينة كالغاري أكبر مدينة في مقاطعة ألبرتا، كندا، حيث تقع في الجزء الجنوبي من مقاطعة ألبرتا, ويحدها من الجهة الشمالية مدينة إدمنتون (عاصمة مقاطعة ألبرتا) حيث يحدها في نحو 80 كيلو متر من الجهة الغربية جبال الروكي."
http://www.wikidata.org/entity/Q129757,2,في البشر، والفخذ هو المنطقة بين الحوض والركبة.,الفخذ هو الجزء الذي يصل بين جذع الإنسان وركبته.
http://www.wikidata.org/entity/Q44336,2,توماس برنارد؛ ولد نيكولاس توماس برنارد؛ 9 فبراير 1931 - 12 فبراير 1989) روائي نمساوي وكاتب مسرحي وشاعر.,توماس برنهارد أديب نمساوي من أصل هولندي ولد في هولندا عام 1931 وتوفي في النمسا عام 1989.
http://www.wikidata.org/entity/Q1219475,2,"سيتسيمان veljestä (الفنلندية ل ""سبعة إخوة"") هي الرواية الأولى والوحيدة التي كتبها ألكسيس كيفي، المؤلف الوطني لفنلندا، ويعتبر على نطاق واسع أول رواية هامة مكتوبة باللغة الفنلندية وكتاب يتحدث باللغة الفنلندية.",الإخوة السبعة (بالفنلندية : Seitsemän veljestä) أولى روايات ألكسس كيفي الكاتب الوطني الفنلندي ، تعتبر على نطاق واسع على أنها أول رواية هامة مكتوبة باللغة الفنلندية و لمؤلف ناطق بالفنلندية .
http://www.wikidata.org/entity/Q785888,2,موغير هي بلدية ومدينة صغيرة تقع في مقاطعة هويلفا، أندالوسيا، إسبانيا.,بلدية موغير (بالإسبانية: Moguer) هي بلدية تقع في مقاطعة ولبة التابعة لمنطقة أندلوسيا جنوب إسبانيا.
http://www.wikidata.org/entity/Q43297,2,الوقت (على غرار داخل مجلة كما تايم) هي مجلة الأخبار الأسبوعية الأمريكية التي نشرت في مدينة نيويورك.,التايم (بالإنجليزية:TIME) هي مجلة أمريكية أسبوعية.
http://www.wikidata.org/entity/Q36233,2,فاكلاف هافيل (5 شباط / فبراير 1936 - 18 كانون الأول / ديسمبر 2011) كان كاتبا وفيلسوفا تشيكيا ومنشقا ورجل دولة.,"فاتسلاف هافيل (5 أكتوبر 1936 - 18 ديسمبر 2011) , (بالتشيكية:Václav Havel)؛ منشق ورئيس تشيكي سابق وكاتب مسرحي."
http://www.wikidata.org/entity/Q1693,2,بحر الشمال هو بحر هامشي من المحيط الأطلسي يقع بين بريطانيا العظمى والدول الاسكندنافية وألمانيا وهولندا وبلجيكا وفرنسا.,بحر الشمال هو بحر يقع في شمال أوروبا بين النرويج والدنمارك من الشرق والمملكة المتحدة من الغرب وألمانيا وهولندا وبلجيكا من الجنوب.
http://www.wikidata.org/entity/Q186295,2,منطقة كوسيتش (السلوفاكية: Košický كراج، المجرية: كاساي كيروليت؛ الأوكرانية: Кошицький край) هي واحدة من المناطق الإدارية السلوفاكية الثمانية.,إقليم كوشيتسه (بالسلوفاكية: Košický kraj) هو واحد من الثمانية أقاليم التي تشكل الجمهورية السلوفاكية.يقع الإقليم في أقصى شرق سلوفاكيا مجاورا للحدود المجرية والأوكرانية.
http://www.wikidata.org/entity/Q191530,2,"عبد الله أوجلان (أودولن / أوه-jə-لاهن؛ ولد في 4 أبريل 1948)، المعروف أيضا باسم أبو (قصيرة لكل من عبد الله و ""عم"" بالكردية)، هو واحد من الأعضاء المؤسسين للمنظمة المسلحة حزب العمال الكردستاني في عام 1978 في تركيا.","عبد الله أوجلان (كردية: Ebdullah Ocelan وكردية: عەبدوڵڵا ئۆجەلان، ويعرف باسم ""آپو"") (أورفة، 4 نيسان/أبريل 1948) هو مؤسس وأول قائد لحزب العمال الكردستاني عام 1978، وهو حزب يساري يسعى لشكل من الإستقلال عن السلطة وبناء مجتمع يصفه بأنه ""بيئي ديمقراطي متحرر""."
http://www.wikidata.org/entity/Q215976,2,باتريشيا أركيت (ولدت في 8 أبريل 1968) هي ممثلة أمريكية.,باتريشيا أركيت (بالإنجليزية: Patricia Arquette) مواليد 8 أبريل 1968 في شيكاغو، إلينوي، الولايات المتحدة، هي ممثلة أمريكية بدأت مسيرتها الفنية عام 1987.
http://www.wikidata.org/entity/Q126804,2,جبل إرسيس (التركية: إرسيز Dağı؛ المستمدة من الاسم اليوناني القديم Ἀργαῖος أرجيوس؛ اللاتينية كما أرجيوس من قبل الرومان القدماء) هو ستراتوفولكانو ضخمة تقع على بعد 25 كم (16 ميل) إلى الجنوب من قيصري في تركيا.,أرجياس (بالتركية Erciyes أو Erciyes dağı ) ، بالعثمانية ارجياس ، هو جبل بركاني نائم من حقبة الميوسين ، يقع على بعد 25 كم جنوب محافظة قيصرية في تركيا.
http://www.wikidata.org/entity/Q432527,2,ريبيرا (صقلية: ريفيلا) هي كومون في مقاطعة أغريجنتو، منطقة صقلية، جنوب إيطاليا، بين وديان فيردورا وماغازولو في ما يسمى سهل سان نيكولا.,ريبيرا (بالإيطالية: Ribera) هي بلدية في مقاطعة أغريجنتو في صقلية الإيطالية.
http://www.wikidata.org/entity/Q15334,2,"و غمينا (النطق البولندية [ɡmina]، الجمع غميني [ɡminɨ]) هي الوحدة الرئيسية للتقسيم الإداري في بولندا باسم ""البلدية"" أو ""البلدية"".",غمينا (بالبولندية: Gmina وتلفظ[ˈɡmina]) هي أحد تقاسيم بولندا الإدارية ويطلق عليها بعض الأحيان «كمون» أو بلدية.
http://www.wikidata.org/entity/Q17310,2,كاريجا ليغيور هي بلدية تقع في مقاطعة اليساندريا في المنطقة الإيطالية بيدمونت، وتقع على بعد حوالي 130 كيلومترا (81 ميل) جنوب شرق تورينو وحوالي 60 كيلومترا (37 ميلا) إلى الجنوب الشرقي من اليساندريا، في أبنينس الليغورية العليا في فال Borbera.,كاريغا ليغوري (بالإيطالية: Carrega Ligure) هي بلدية في مقاطعة ألساندريا في إقليم بييمونتي في إيطاليا.
http://www.wikidata.org/entity/Q6742,2,بيجو (/ puːʒoʊ /؛ / pɜːrʒoʊ /؛ [بوو]) هي ماركة السيارات الفرنسية، وهي جزء من بسا بيجو سيتروين.,بيجو هي علامة تجارية كبرى لشركة سيارات فرنسية، تعتبر ثاني أكبر شركة تصنع السيارات في أوروبا بعد فولكس واجن.تعود أصول الشركة إلى 1842 حيث كانت تصنع مطاحن الفلفل والملح والبن، ثم الدراجات في نهاية القرن 19.
http://www.wikidata.org/entity/Q164055,2,ساحة تيانانمن هي ساحة كبيرة في وسط بكين، الصين، سميت باسم بوابة تيانانمن (بوابة السلام السماوي) تقع إلى الشمال، وفصلها عن المدينة المحرمة.,ساحة تيان آن من أو ميدان السماء (天安門廣場; 天安门广场) ساحة تقع في وسط بكين عاصمة الصين، مساحة الميدان تصل إلى 440 ألف متر مربع، تعد أكبر ميدان من حيث المساحة في العالم.
http://www.wikidata.org/entity/Q77033,2,البارون ويلهلم فون غلودن (16 سبتمبر 1856 - 16 فبراير 1931) كان مصورا ألمانيا الذي عمل بشكل رئيسي في إيطاليا.,ويليام فون غلودين (بالألمانية: Wilhelm von Gloeden)‏ (16 سبتمبر 1856 - 16 فبراير 1931) هو مصور ألماني عمل بشكل رئيسي في إيطاليا.
http://www.wikidata.org/entity/Q128466,2,فيلجويف ([فيلوف]) هي بلدية في الضواحي الجنوبية لباريس، فرنسا.,فيلجويف (بالفرنسية: Villejuif) هي مدينة فرنسية تقع في الضواحي الجنوبية لمدينة باريس.
http://www.wikidata.org/entity/Q1761543,2,كايابونيا هي بلدية في جنوب وسط ولاية غوياس، البرازيل.,كايابونيا (بالبرتغالية: Caiapônia‏) هي بلدية تقع في البرازيل في غوياس.
http://www.wikidata.org/entity/Q235445,2,وقد أقر مجلس جزيرة نورفولك في 6 حزيران / يونيه 1979 علم جزيرة نورفولك.,أعتمد علم جزيرة نورفولك في 17 كانون الثاني - يناير من سنة 1980 .
http://www.wikidata.org/entity/Q498102,2,البركة الصينية البركة (اردولا باخوس) هو طائر المياه العذبة شرق آسيا من عائلة البطيخ، (أرديداي).,بلشون بركة صيني (الإسم العلمي: Ardeola bacchus) هو نوع من فصيلة بلشونيات.
http://www.wikidata.org/entity/Q13464,2,فوجيا ([فدجا]) هي مدينة ومدينة من أبوليا، في جنوب إيطاليا، عاصمة مقاطعة فوجيا.,فودجا (بالإيطالية: Foggia)، هي مدينة إيطالية وعاصمة مقاطعة فودجا بإقليم بوليا جنوبي البلاد، سكانها 153.665 نسمة.
http://www.wikidata.org/entity/Q184261,2,يوري فالنتينوفيتش جيركوف (الروسية: Юрий Валентинович Жирков؛ ولد في 20 آب / أغسطس 1983) هو لاعب كرة قدم روسي يلعب في شارع زينيت,يوري جيركوف ، من مواليد 20 أغسطس 1983 ، لاعب كرة قدم روسي.
http://www.wikidata.org/entity/Q317834,2,كوكوبونجي (国 分 寺 市 كوكوبونجي-شي) هي مدينة تقع في طوكيو متروبوليس، اليابان.,مدينة كوكوبونجي (باليابانية: 国分寺市 كوكوبونجي) هي مدينة تقع في طوكيو، اليابان.
http://www.wikidata.org/entity/Q5818,2,كوردوبا (/ kɔːrdəbə /، [كووزا])، وتسمى أيضا كوردوفا (/ kɔːrdəvə /) باللغة الإنجليزية، هي مدينة في الأندلس، جنوب إسبانيا، وعاصمة مقاطعة قرطبة.,قرطبة (بالإسبانية:Córdoba) مدينة وعاصمة مقاطعة قرطبة التابعة لمنطقة أندلوسيا في جنوب إسبانيا وتقع على ضفة نهر الوادي الكبير، على دائرة عرض (38ْ) شمال خط الاستواء يبلغ عدد سكانها حوالي 328.659 نسمة (تعداد سنة 2011).
http://www.wikidata.org/entity/Q25485,2,الحلمة العظيمة (باروس الرئيسية) هو طائر عصفور في عائلة الحلمه باريداي.,قرقف كبير (الاسم العلمي: Parus major) (بالإنجليزية: Great Tit) هو طائر ينتمي إلى قرقف (فصيلة: Paridae).
http://www.wikidata.org/entity/Q3132,2,مورس ([مس]؛ شكل أقدم: مورس؛ القديمة الهولندية: مورس، مورس أو مورس) هي مدينة ألمانية على الضفة الغربية من الراين.,ميرس (بالألمانية: Moers) هي مدينة و بلدة ألمانية تقع في ألمانيا في فيزل.
http://www.wikidata.org/entity/Q369220,2,بورغاس (البلغارية: Област Бургас - أوبلاست بورغاس، الاسم السابق بورغاس أوكروغ) هي مقاطعة في جنوب شرق بلغاريا، بما في ذلك ساحل بحر الأسود البلغاري الجنوبي.,محافظة بورغاس (بالبلغارية: Област Бургас) هي إحدى مقاطعات بلغاريا تقع في شرق بلغاريا.
http://www.wikidata.org/entity/Q74698,2,Vârghiş (المجرية: فارجياس،: [vɒrɟɒʃ]) هي بلدية في مقاطعة كوفاسنا، رومانيا.,فيرغيش هي قرية تقع في إقليم كوفاسنا في رومانيا .
http://www.wikidata.org/entity/Q23545,2,السنة 723 (دككسييي) كانت سنة شائعة ابتداء من يوم الجمعة (رابط سيعرض التقويم الكامل) للتقويم جوليان.,سنة 723 كانت سنة كبيسة تبدأ يوم الجمعة (الرابط يظهر نموذج التقويم الكامل للسنة) من التقويم اليولياني.
http://www.wikidata.org/entity/Q20413,2,Città دي كاستيلو ([تيتا ددي كاستلو]) هي مدينة ومدينة في مقاطعة بيروجيا، في الجزء الشمالي من منطقة أومبريا في إيطاليا.,تشيتا دي كاستيلو (بالإيطالية: Città di Castello) مدينة في مقاطعة بيرودجا، في الجزء الشمالي من إقليم أومبريا في وسط إيطاليا.
http://www.wikidata.org/entity/Q213595,2,"كارل لودفيغ بورن (ولد ""لوب باروخ""؛ 6 مايو 1786 - 12 فبراير 1837) كان كاتب سياسي ألماني يهودي وساخر، والذي يعتبر جزءا من حركة ألمانيا الشابة.",لودفيج بورنه (بالألمانية: Ludwig Börne) كاتب سياسي ألماني.
http://www.wikidata.org/entity/Q188871,2,العاصي (عر): العاصي، عاصي (عاصي) هو نهر متدفق شمالا يبدأ من لبنان ويتدفق عبر سوريا وتركيا قبل دخول البحر الأبيض المتوسط.,نهر العاصي هو نهر ينبع من لبنان ويمر في سوريا ليصب في البحر الأبيض المتوسط عند خليج السويدية.
http://www.wikidata.org/entity/Q189466,2,الخراف الكبير (أوفيس كانادنسيس) هو نوع من الأغنام الأصلي إلى أمريكا الشمالية اسمه لأبواقها الكبيرة.,كبش الجبال الصخرية (بالإنجليزية: Bighorn Sheep) أو (بالإنجليزية: Ovis canadensis) (الاسم العلمي) هو أحد 3 أنواع من خراف الجبال في أمريكا الشمالية وسيبريا.
http://www.wikidata.org/entity/Q178741,2,بحيرة الملح العظمى، وتقع في الجزء الشمالي من الولايات المتحدة.,البحيرة المالحة الكبرى (بالإنجليزية: Great Salt Lake) هي بحيرة ملحية تقع غرب الولايات المتحدة بولاية يوتا وتقع على ضفافها مدينة سولت ليك .
http://www.wikidata.org/entity/Q131654,2,في الأساطير الجرمانية، فريج (قديم النورس)، فريجا (القديمة الألمانية العليا)، فرايا (لانجوبارديك)، وفريج (الإنجليزية القديمة) هي إلهة.,فريغ هي زوجة أودين في الميثولوجيا النوردية وهي معروفة لدى الشعوب التيوتونية في القارة أو في إنكلترا حيث يسمى يوم الجمعة فرايداي، ويتم الخلط بينها وبين فريا مشاريع شقيقة في كومنز صور وملفات عن: فريغ تحوي هذه المقالة معلومات مترجمة من الطبعة الحادية عشرة لدائرة المعارف البريطانية لسنة 1911 وهي الآن من ضمن الملكية العامة.
http://www.wikidata.org/entity/Q189289,2,الاتحاد الدولي للسباحة هو الاتحاد الدولي المعترف به من قبل اللجنة الأوليمبية الدولية لإدارة المنافسة الدولية في أكواتيكش.,الاتحاد الدولي للسباحة (بالفرنسية: Fédération Internationale de Natation)، ويسمى الفينا (FINA) اختصاراً، هو الاتحاد الدولي التي تعترف به اللجنة الأولمبية الدولية لإدارة المسابقات الدولية في الرياضات المائية.
http://www.wikidata.org/entity/Q1286,2,جبال الألب (/ ælps /؛ إيتاليان: ألبي [ألبي]؛ فرينش: ألبيس [ألب]؛ الألمانية: ألبن [ʔalpm̩]؛ السلوفينية: ألب [áːlpɛ]) هي أعلى وأوسع نطاق نظام الجبال التي تقع كليا في أوروبا، تمتد على مسافة 1200 كيلومتر تقريبا (750 ميل) عبر ثمانية بلدان جبال الألب: النمسا وفرنسا وألمانيا وإيطاليا وليختنشتاين وموناكو وسلوفينيا وسويسرا.,الألب (بالألمانية: Alpen) هي سلسلة جبال في أوروبا تمتد من النمسا وسلوفينيا شرقاً، مروراً بإيطاليا وسويسرا وليختنشتاين وألمانيا وحتى فرنسا غرباً.
http://www.wikidata.org/entity/Q623464,2,باد كوتزتينغ (قبل عام 2005: كوتزتينغ) هي بلدة في منطقة شام، في بافاريا، ألمانيا، بالقرب من الحدود التشيكية.,باد كوتزتينغ (بالألمانية: Bad Kötzting) هي بلدة ألمانية تقع في ألمانيا في Cham (district).
http://www.wikidata.org/entity/Q241774,2,أبين (العربية: أبين عبيان) هي محافظة اليمن.,محافظة أبين محافظة يمنية تقع في الجنوب الشرقي للعاصمة صنعاء، وتبعد عنها بمسافة تصل إلى 427 كيلو متر وعاصمتها زنجبار وتتصل من الشرق بمحافظة شبوة ومن الغرب بمحافظتي عدن ولحج ومن الشمال بمحافظتي شبوة والبيضاء إلى جانب أجزاء من يافع العليا ، أما من الجنوب فيحدها البحر العربي الذي تطل عليه شواطئها.
http://www.wikidata.org/entity/Q127063,2,كارس (أرمنيان: Կարս أور Ղարս غارس، الجورجية: ყარსი كارسي) هي مدينة في شمال شرق تركيا وعاصمة مقاطعة كارس.,"مدينة قارص هي عاصمة محافظة قارص تقع في منطقة شرق الأناضول من تركيا ويبلغ تعداد سكانها حوالي 78,473 نسمة."
http://www.wikidata.org/entity/Q178897,2,الإمبراطورية الرومانية (اللاتينية: الإمبريالية الرومانية)، المعروف أكثر في التاريخ كما الإمبراطورية اللاتينية (اليونانية: Λατινική Αυτοκρατορία) أو الإمبراطورية اللاتينية للقسطنطينية، والمعروفة إلى البيزنطيين كما الاحتلال اللاتيني، كانت الدولة الصليبية الإقطاعية التي أسسها قادة الحملة الصليبية الرابعة على الأراضي التي استولت عليها الإمبراطورية البيزنطية.,"الإمبراطورية اللاتينية أو إمبراطورية القسطنطينية اللاتينية, هو مصطلح أطلقه المؤرخون علي الدولة الصليبية التي أسسها القادة اللاتين بعد استيلائهم علي القسطنطينية سنة 1204م.وقد كان الغرض من إنشائها أن تخلف البيزنطيين في حكم الدولة الرومانية وأدعي الآباطرة اللاتين حقهم في وراثة عرش بيزنطة.في 16 مايو سنة 1204 توج بلدوين التاسع كونت فلاندرز إمبراطورا علي القسطنطينية كأول إمبراطورا لاتيني كاثوليكي يحكم مدينة قسطنطين العريقة."
http://www.wikidata.org/entity/Q32524,2,السنة 575 (دلكسف) كان عاما شائعا ابتداء من يوم الثلاثاء (رابط سيعرض التقويم الكامل) للتقويم جوليان.,سنة 575 (بالأرقام الرومانية: DLXXV) كانت سنة بسيطة تبدأ يوم الثلاثاء (الرابط يظهر نموذج الجدول الزمني الكامل للسنة) من التقويم اليولياني.
http://www.wikidata.org/entity/Q172691,2,صحراء ثار، والمعروفة أيضا باسم الصحراء الهندية العظمى، هي منطقة كبيرة، قاحلة في الجزء الشمالي الغربي من شبه القارة الهندية التي تشكل الحدود الطبيعية بين الهند وباكستان.,صحراء طهار أو صحراء الهند الكبرى هي مساحة صحراوية تجاوز 200 ألف كيلو متر مربع وتقع إلى شمال غرب شبه القارة الهندية وتغطي كل من الهند وباكستان وهي سابع أكبر صحاري العالم وتمتد من جنوب إقليم البنجاب الهندية مرورا بإقليم راجستان وقوجرات إلى إقليم السند في باكستان وتجاورها صحراء كولستان.
http://www.wikidata.org/entity/Q1438,2,كامبانيا ([كامبانيا]) هي منطقة في جنوب إيطاليا.,كامبانيا(بالإيطالية: Campania) أحد الأقاليم العشرين المكونة للتراب الإيطالي يقع في جنوب البلاد مطلا على البحر المتوسط من ناحية الغرب ويحده من الشمال الغرب إقليم لاتسيو ومن الشمال إقليم موليزي ومن الشمل الشرقي إقليم بوليا ومن الشرق إقليم بازيليكاتا ؛ عاصمته نابولي يبلغ سكانه حوالي 5.701.931 نسمة، ومساحته 13.595 كيلومتر مربع
http://www.wikidata.org/entity/Q155651,2,و ميل مي 24 (الروسية: Миль Ми-24؛ اسم الناتو الإبلاغ: هند) هو طائرة هليكوبتر كبيرة، مروحية هجومية وذات قدرة منخفضة نقل القوات مع غرفة لثمانية ركاب.,الميل مي-24 (روسية: Миль Ми-24) (لقب تعريف الناتو: هايند Hind) هي مروحية هجومية ومروحية نقل عسكري خفيفة من إنتاج مصنع ميل موسكو.
http://www.wikidata.org/entity/Q100905,2,سالا باغانزا هي بلدية تقع في مقاطعة بارما في المنطقة الإيطالية إميليا رومانيا، وتقع على بعد حوالي 90 كيلومترا (56 ميل) شمال غرب بولونيا وحوالي 12 كيلومترا (7 ميل) جنوب غرب بارما.,سالا باغانزا (بالإيطالية: Sala Baganza) هي بلدية في مقاطعة بارما في إقليم إميليا رومانيا الإيطالي.
http://www.wikidata.org/entity/Q71166,2,فلوها هي بلدة في حي ميتلساشسن، في ولاية ساكسونيا الحرة، ألمانيا.,فلوها (بالألمانية: Flöha) هي بلدة ألمانية و Grosse Kreisstadt تقع في ألمانيا في Mittelsachsen.
http://www.wikidata.org/entity/Q459126,2,وكان محمد أبو القاسم الزوي (ولد في 14 مايو 1952) آخر أمين عام للمؤتمر الشعبي العام في ليبيا، وبالتالي رئيس دولة ليبيا الاسمية من 2010 حتى 2011.,"محمد أبو القاسم الزوي أمين مؤتمر الشعب العام في ليبيا ""رئيس البرلمان""."
http://www.wikidata.org/entity/Q273704,2,قصة الجانب الغربي هو عام 1961 الأمريكية فيلم الدراما الموسيقية الرومانسية إخراج روبرت وايز وجيروم روبنز.,قصة الحي الغربي (بالإنجليزية: West Side Story) فيلم موسيقي أمريكي صدر عام 1961 حاز على 10 جوائز أوسكار من أصل 11 ترشيحا .
http://www.wikidata.org/entity/Q201140,2,تافوش (أرمينية: Տավուշ، [tɑvuʃ])، هي محافظة من أرمينيا.,محافظة تاووش (بالإنجليزية: Tavush Province) هي marz تقع في أرمينيا في أرمينيا.
http://www.wikidata.org/entity/Q100099,2,سان بوسيدونيو هي بلدية في مقاطعة مودينا في المنطقة الإيطالية إميليا رومانيا، وتقع على بعد حوالي 50 كيلومترا (31 ميل) شمال غرب بولونيا وحوالي 35 كيلومترا (22 ميل) شمال شرق مودينا.,سان بوسيدونيو (بالإيطالية: San Possidonio) هي بلدية في مقاطعة مودينا في إقليم إميليا رومانيا الإيطالي.
http://www.wikidata.org/entity/Q17403,2,مونتيجيوكو هي بلدية تقع في مقاطعة اليساندريا في المنطقة الإيطالية بيدمونت، وتقع على بعد حوالي 100 كيلومتر شرق تورينو وحوالي 30 كيلومترا (19 ميل) جنوب شرق اليساندريا.,مونتيجوكو (بالإيطالية: Montegioco) هي بلدية في مقاطعة ألساندريا في إقليم بييمونتي في إيطاليا.
http://www.wikidata.org/entity/Q6625,2,بلدية أجان ([aʒɛ]) هي عاصمة قسم لوت - إت-غارون في أكيتين في جنوب غرب فرنسا.,أجان Agen هي بلدية في فرنسا تقع على نهر غارون في محافظة لو وغارون بإقليم أكيتان.
http://www.wikidata.org/entity/Q7604,2,ليونارد يولر (/ ɔɪlər / أوي-لور؛ الألمانية السويسرية القياسية [ɔɪlər]، الألمانية الألمانية القياسية [ɔʏlɐ]) (15 أبريل 1707 - 18 سبتمبر 1783) كان عالم الرياضيات السويسري، الفيزيائي، الفلكي، منطقي والمهندس الذي جعل هامة ومؤثرة والاكتشافات في العديد من فروع الرياضيات مثل حساب التفاضل والتكامل غير متناهية الصغر ونظرية الرسم البياني في حين أيضا تقديم مساهمات رائدة لعدة فروع مثل طوبولوجيا ونظرية العدد التحليلي.,ولد ليونهارد أويلر (بالإنجليزية: Leonhard Euler) في 15 أبريل عام 1707م في بازل في سويسرا وتوفي في 18 سبتمبر عام 1783م في سانت بطرسبرغ.
http://www.wikidata.org/entity/Q131638,2,شكودر ([ʃkɔdəɾ]؛ شكل ألباني محدد: شكودرا [ʃkɔdɾa]، لأسماء أخرى انظر)، هي مدينة وبلدية في شمال غرب ألبانيا ومقر المقاطعة التي تحمل نفس الاسم.,أشقودرة (بالألبانية: Shkodra) مدينة تقع على بحيرة أشقودرة في شمال غرب ألبانيا في محافظة أشقودرة، التي هي عاصمتها.
http://www.wikidata.org/entity/Q16867,2,إدغار ألان بو (/ بوʊ /؛ ولد إدغار بو؛ 19 يناير 1809 - 7 أكتوبر 1849) كان كاتب أمريكي ومحرر وناقد أدبي.,إدغار آلان بو (بالإنجليزية: Edgar Allan Poe) (/poʊ/; ولد إدغار بو؛ في 19 يناير 1809 - 7 أكتوبر 1849) وهو ناقد أدبي أمريكي مؤلف، وشاعر، ومحرر، ويعتبر جزءاً من الحركة الرومانسية الأمريكية.
http://www.wikidata.org/entity/Q1618,2,تشارلز أوغسطس ليندبيرغ (4 فبراير 1902 - 26 أغسطس 1974)، الملقب سليم، لاكي ليندي، و النسر الوحيد، كان طيار أمريكي، مؤلف، مخترع، ضابط عسكري، المستكشف، والناشط الاجتماعي.,تشارلز لندبرغ (بالإنجليزية: Charles Lindbergh) هو طيّار ومهندس أمريكي، ويعتبر أول شخص عبر المحيط الأطلسي على متن طائرة، حائزاً على إعجاب الناس حول العالم.
http://www.wikidata.org/entity/Q17822,2,مومباروزو هو كومون (بلدية) في مقاطعة أستي في المنطقة الإيطالية بيدمونت، وتقع على بعد حوالي 70 كيلومترا (43 ميل) جنوب شرق تورينو وحوالي 25 كيلومترا (16 ميل) جنوب شرق أستي.,مومباروتسو (بالإيطالية: Mombaruzzo) هي بلدة وبلدية في مقاطعة أستي في إقليم بييمونتي في جنوب إيطاليا.
http://www.wikidata.org/entity/Q163263,2,إيفا جاكلين لونجوريا (ولدت في 15 مارس 1975) هي ممثلة أمريكية، منتج، مدير، ناشطة و سيدة أعمال.,إيفا لانغوريا (بالإنجليزية: Eva Longoria) هي ممثلة أمريكية .
http://www.wikidata.org/entity/Q46940,2,القلعة دي هيناريس (القلعة ðe enaɾes))، وهذا يعني القلعة على نهر هناريس، هي مدينة الإسبانية التي مركزها التاريخي هو واحد من مواقع التراث العالمي لليونسكو.,ألكالا دي إيناريس مدينة إسبانية تقع في منطقة مدريد وتعني قلعة على نهر إيناريس.
http://www.wikidata.org/entity/Q40605,2,مصادم هادرون الكبير (لك) هو أكبر وأقوى مصادم الجسيمات في العالم، أكبر، منشأة تجريبية الأكثر تعقيدا من أي وقت مضى بناء، وأكبر آلة واحدة في العالم.,مصادم الهدرونات الكبير (بالإنجليزية: Large Hadron Collider) (اختصاراً LHC) هو أضخم مُعجِّل جسيمات وأعلاها طاقة وسرعة، يستخدم هذا السينكروترون لمصادمة جسيمات دون ذرية وهي البروتونات بطاقة تصل إلى 7 تيراإلكترون فولت (1.12 ميكروجول).
http://www.wikidata.org/entity/Q213771,2,إنتي هو إله الشمس إنكان القديمة.,ووفقا لأساطير الإنكا، إنتي هو إله الشمس، وكذلك الراعي والمعبود للامبراطورية الانكية.
http://www.wikidata.org/entity/Q710358,2,أولن هي بلدية والون البلجيكية في مقاطعة لييج.,أولن هي بلدية بلجيكية بوالونيا في مقاطعة لياج.
http://www.wikidata.org/entity/Q1249210,2,إدموند دي غونكورت (26 مايو 1822 - 16 يوليو 1896)، ولد إدمون لويس أنطوان هوت دي غونكورت، كاتب فرنسي، وناقد أدبي، وناقد فني، وناشر كتب، ومؤسس أكاديمي غونكورت.,أدموند دي غونكور (بالفرنسية: Edmond de Goncourt) كاتب فرنسي شهير، ومؤسس أكاديمية غونكور.
http://www.wikidata.org/entity/Q185298,2,"و كابيلا [a كابلا] (الإيطالية ل ""في الطريقة من الكنيسة"") الموسيقى هي على وجه التحديد مجموعة أو الغناء منفردا دون مرافقة مفيدة، أو قطعة تهدف إلى أن يؤديها في هذا الطريق.",أكابيلا وهو فن استعراض سمعي لا بصري، وهو لون يستغني عن المصاحبة الموسيقية بالآلات ويستعين بدلاً منها بالصوت البشري من كل الطبقات من السوبرانو إلى الباص، وهو لون يشكل تحدياً لألوان الغناء المألوف، ويحتاج إلى دراسة متعمقة لعلم الأصوات البشرية وعلم التأليف الموسيقي «هارموني» و«كونتر بوينت»؛ وذلك لفهم طبيعة ومساحة صوت المؤدي.
http://www.wikidata.org/entity/Q318026,2,مارسيل أيميه (29 مارس 1902 - 14 أكتوبر 1967) كان روائي فرنسي، وكاتب أطفال، وكاتب فكاهة، وكاتب سيناريو ومسرح مسرحي.,مارسيل ايميه روائي وكاتب مسرحي وقصة قصسرة فرنسي.
http://www.wikidata.org/entity/Q130458,2,علم مصر (مصر العربية: علم مصر، [ʕælmm mɑsˤɾ]) هو لون ثلاثي الألوان يتكون من ثلاثة أحرف أفقية متساوية الأحمر والأبيض والأسود من علم التحرير العربي يعود تاريخها إلى الثورة المصرية عام 1952.,علم مصر الحالي اُعتمٍد عام 1984، ويُسمّى بـالعلم الوطني.
http://www.wikidata.org/entity/Q125912,2,بحيرة كيفو هي واحدة من البحيرات الكبرى الأفريقية.,بحيرة كيفو بحيرة كيفو هي واحدة من البحيرات العظمى الأفريقية.
http://www.wikidata.org/entity/Q864899,2,أوتوتو هو توزيع لينكس يتكون بالكامل من البرمجيات الحرة.,أوتوتو توزيعة جنو/لينكس أرجنتينية مبنيه على توزيعة جنتو.
http://www.wikidata.org/entity/Q319885,2,دولار جزر كايمان (كود العملة كيد) هو العملة لجزر كايمان.,دولار جزر كايمان (بالإنجليزية: Cayman Islands Dollar) (رمز أيزو 4217: KYD) هي العملة المستخدة في جزر كايمان.
http://www.wikidata.org/entity/Q311425,2,غوادالوبي فيكتوريا ([ɡwaðalupe βiktoɾja]؛ 29 أيلول / سبتمبر 1786 - 21 آذار / مارس 1843)، المولود خوسيه ميغيل رامون أداكتو فرنانديز إي فيليكس، كان زعيما وسياسيا مكسيكيا عاما قاتل من أجل الاستقلال ضد الإمبراطورية الإسبانية في حرب الاستقلال المكسيكية.,غوادالوبي فيكتوريا (بالإنجليزية: Guadalupe Victoria) (و.
http://www.wikidata.org/entity/Q183350,2,"المن، المعروف أيضا باسم قمل النبات وفي بريطانيا والكومنولث كما الخضراء، بلاكفليس، أو وايتفليس (لا ينبغي الخلط بينه وبين ""القفز نبات القمل"" أو وايتفليس الحقيقية)، هي صغيرة الحشرات المص، سابأو أفراد الأسرة أفيدويدا.",المن أو قملة النبات (الاسم العلمي: Aphid) هو نوع من الحشرات الصغيرة التي تتغذى على عصارة النباتات، كما يعتبرها المزارعون حشرات ضارة ومؤذية للنبات.
http://www.wikidata.org/entity/Q583450,2,كيتزين (الاسم الرسمي: كيتزين / هافيل) هي بلدة في منطقة هافيلاند، في براندنبورغ، ألمانيا.,كتسين هاول (بالألمانية: Ketzin) هي مدينة و بلدة ألمانية تقع في ألمانيا في براندنبورغ.
http://www.wikidata.org/entity/Q192988,2,المرصد الملكي، غرينتش (المعروف باسم مرصد غرينتش الملكي أو رغو عندما انتقلت مؤسسة العمل من غرينتش إلى هرستمونسيوكس بعد الحرب العالمية الثانية) هو مرصد يقع على تلة في غرينتش بارك، ويطل على نهر التايمز.,المرصد الملكي في غرينتش، (المعروف سابقا باسم مرصد غرينتش الملكي أو أختصارا أرغو (RGO))كانت الغاية من انشائه هو تحديد مواقع الأجرام السماوية بدقة أكثر، مما يساعد ذلك التحديد إلى تطوير الملاحة في البحار.أما اليوم فإن الوظيفة الأساسية للمرصد هي تشغيل التلسكوبات البصرية البريطانية ـ الهولندية في مرصد روك دي لوس موشاكوس الأسباني في جزر الكناري.
http://www.wikidata.org/entity/Q23406,2,البحر الأحمر (بحر إريثرايان) هو مدخل مياه البحر في المحيط الهندي، والكذب بين أفريقيا وآسيا.,البحر الأحمر أو بحر القُلْزُم أو بحر الحبشة.
http://www.wikidata.org/entity/Q61752,2,ستوكاتش هي بلدة في مقاطعة كونستانز، في جنوب بادن فورتمبيرغ، ألمانيا.,اشتوكآخ (بالألمانية: Stockach) هي مدينة و بلدة ألمانية تقع في ألمانيا في كونستانس (قضاء).
http://www.wikidata.org/entity/Q168925,2,تتشكل الدولة وعلم الحرب من سان مارينو من قبل اثنين من الفرق الأفقية متساوية من الأبيض (الأعلى) والأزرق الفاتح مع معطف وطني من الأسلحة فرضه في المركز. (مع ثلاثة أبراج على ثلاث قمم) مع تاج مغلق على القمة، يحيط بها اكليل اكليل و اكليل الغار، مع التمرير أدناه تحمل كلمة ليبرتاس (ليبرتي).,أعتمد علم سان مارينو في 6 نيسان - أبريل من سنة 1862 ويتكون علم سان مارينو من اللونين الأبيض والأزرق مرتبين بصورة أفقية على التوالي وفي وسط العلم يوجد صورة لثلاث أبراج منصوبة على ثلاث تلال وفوقهم صورة للتاج.
http://www.wikidata.org/entity/Q39542,2,فاردينيس (أرمينية: Վարդենիս)، هي مدينة في الجزء الجنوبي الشرقي من مقاطعة جيغاركونيك في أرمينيا.,واردنيس (بالإنجليزية: Vardenis) هي municipality of Armenia تقع في أرمينيا في محافظة غغاركونيك.
http://www.wikidata.org/entity/Q55260,2,السير ديفيد لين، البنك المركزي المصري (25 مارس 1908 - 16 أبريل 1991) كان مخرج ومنتج وكاتب سيناريو ومحرر إنجليزي، وأفضل ما يتذكر لملاحم الشاشة الكبيرة مثل الجسر على نهر كواي (1957)، لورنس العرب (1962) ) والطبيب زيفاغو (1965).,السير ديفيد لين مخرج ومنتج بريطاني ولد في كرويدون من ضواحي لندن في 25 مارس 1908 وتوفي في لندن 16 أبريل 1991 عن عمر 83 سنة.
http://www.wikidata.org/entity/Q191504,2,ليبتيس ماغنا (لبدة لبدة) كانت ليبتيس العظمى، أو ببساطة ليبتيس، والمعروفة باسم ليبدا لسكان العصر الحديث في ليبيا، مدينة بارزة في الإمبراطورية الرومانية., لبدة الكبرى مدينة من مدن الشمال الأفريقي الكبرى السابقة، وتقع على الساحل المتوسطي عند مصب وادي لبده الذي يكون مرفأ طبيعيا على بعد 3 كيلومترات شرقي مدينة الخمس، التي تبعد 120 كم شرق مدينة طرابلس عاصمة ليبيا، المدينة كانت من أبرز مدن الشمال الإفريقي في عصر الإمبراطورية الرومانية.المدينة تعتبر مصنفة من قبل اليونسكو ضمن قائمة مواقع التراث العالمي في ليبيا وذلك منذ العام 1982.
http://www.wikidata.org/entity/Q11677,2,ليندساي آن دافنبورت (ولد في 8 يونيو 1976) هو لاعب تنس محترف أمريكي سابق.,"ليندسي دافينبورت (ولدت 8 يونيو, 1976 في بالوس فيرديس, كاليفورنيا) وهى سابقا قد وصلت لقمة التصنيف العالمي لرابطة محترفات التنس."
http://www.wikidata.org/entity/Q25367,2,العوالق (الطائر المفرد) هي مجموعة متنوعة من الكائنات الحية التي تعيش في عمود المياه من أجسام كبيرة من المياه والتي لا يمكن السباحة ضد التيار.,",العوالق أو البلانكتون (بالإنجليزية: Plankton) (اليونانية القديمة πλανκτός / planktos) هي مجموعة من الكائنات الحية التي تعيش في المياه العذبة، الأجاج والمالحة."
http://www.wikidata.org/entity/Q2760,2,إنيجيرلوه هي بلدة في منطقة وارندورف، في شمال الراين وستفاليا، ألمانيا.,انيغرلوه (بالألمانية: Ennigerloh) هي بلدة ألمانية تقع في ألمانيا في فارندورف.
http://www.wikidata.org/entity/Q203568,2,جبل أراغاتس (الأرمينية: Արագած) هو بركان معقد في أرمينيا.,مدينة آراغاتس (بالإنجليزية: Aragats) هي إحدى المدن التابعة لمقاطعة آراغاتسوتن في أرمينيا.
http://www.wikidata.org/entity/Q1138904,2,مملكة أفغانستان (الباشتو: د افغانستان واکمنان، دǝ أفانيستان واكمانان؛ الفارسية: پادشاهي افغانستان، پادشاهي أفغانستان، پادشاهي أفغانستان، مملكة دستورية في جنوب ووسط آسيا تأسست في عام 1926 كخلف لإمارة أفغانستان.,مملكة أفغانستان (بالبشتوية:د أفغانستان واکمنان) (بالفارسية: پادشاهي أفغانستان) ، هي مملكة أفغانستان أسست على أنقاض إمارة أفغانستان عام 1926م ، وانتهت فترة حكم المملكة الأفغانية بتاريخ 17 يوليو 1973م ، وذلك عن طريق الإنقلاب العسكري.
http://www.wikidata.org/entity/Q208160,2,الشجاعة (وتسمى أيضا الشجاعة، الشجعان أو فالور) هو الخيار والرغبة في مواجهة العذاب، والألم، والخطر، وعدم اليقين أو التخويف.,الشجاعة معروفة كذلك بالثبات و الجرأة و تنقسم إلى نوعين: n* شجاعة طبيعية و هي شجاعة تجاه الألم الطبيعي و المشقّة أو التهديد بالموت.
http://www.wikidata.org/entity/Q200577,2,شون بول ريان فرانسيس هنريكز (ولد في 9 يناير 1973)، والمعروف ببساطة باسم شون بول، هو جامايكي دانسهال راجا الهيب هوب تسجيل الفنان والموسيقي والمنتج والممثل.,شون بول (بالأحرف اللاتينية Sean Paul) هو فنان موسيقي جمايكي من كنغستون.
http://www.wikidata.org/entity/Q206435,2,تحول الجذع هو ناطحة سحاب السكنية المستقبلية المستقبلية في السويد وأطول مبنى في بلدان الشمال الأوروبي.,"الجذع المتحول (Turning Torso) هو ناطحة سحاب سكنية ارتفاعها 190 متر , 54 طابقا يقع في مدينة مالمو السويدية."
http://www.wikidata.org/entity/Q5255,2,السنة 1212 (مككسي) كانت سنة كبيسة ابتداء من يوم الأحد (رابط سيعرض التقويم الكامل) للتقويم جوليان.,سنة 1212 كانت سنة كبيسة تبدأ يوم الأحد (الرابط يظهر نموذج التقويم الكامل للسنة) من التقويم اليولياني.
http://www.wikidata.org/entity/Q3905,2,غلادبيك ([ɡlat.bɛk]) هي مدينة في منطقة ريكلينغهاوزن في شمال الراين وستفاليا، ألمانيا.,غلادبيك وهي مدينة في ألمانيا في وسط ولاية شمال الراين-وستفاليا معنى اسمها كسر ناعم باللغة الألمانية يبلغ عدد سكان هذه المدينة 74000 نسمة تقع هذه المدينة في حوض الرور، تعتبر هذه المدينة من المدن القديمة في ألمانيا وتقع هذه المدينة بالقرب من مدينة إيسن.
http://www.wikidata.org/entity/Q35534,2,فالسافارنش (المعروف باسم فالسافارا تحت الحكم الفاشي من 1939 إلى 1946، وكما فالسافارانش من 1946 إلى 1976) هو كومون الإيطالية التي يبلغ عدد سكانها 186 [بحاجة لمصدر].,فالسافارنتش (بالإيطالية: Valsavarenche) هي كومونا تقع في إيطاليا في فالي دا أوستا.
http://www.wikidata.org/entity/Q170378,2,جينتو لينكس (برونونسد / dʒɛntuː / جين-تو) هو نظام تشغيل كمبيوتر يستند إلى نواة لينكس وبني باستخدام نظام إدارة حزم بورتاج.,"جنتو لينكس (بالإنجليزية: Gentoo Linux) تلفظ هي توزيعة لينكس, مصمم لان يكون مرن وصغير وسهل على جهاز الحاسوب وهذا تم تحقيقه عن طريق إنشاء البرامج من مصاردها على الرغم من أن هناك عدد من البرامج متوفرة التي تم إنشائها مسبقاً."
http://www.wikidata.org/entity/Q49187,2,السنة 517 (دكسفي) كان عاما شائعا ابتداء من يوم الأحد (رابط سيعرض التقويم الكامل) للتقويم جوليان.,سنة 517 (بالأرقام الرومانية: DXVII) كانت سنة بسيطة تبدأ يوم الأحد (الرابط يظهر نموذج الجدول الزمني الكامل للسنة) من التقويم اليولياني.
http://www.wikidata.org/entity/Q312753,2,جوان مانويل سيرات ط تيريزا ([ʒuam mənuɛɫ سورات]) (27 ديسمبر 1943) هو موسيقي الإسباني، المغني وكاتب الاغاني، تسجيل الفنان، وفنان الأداء.,جوان مانويل صيراط أي تيريزا (27 ديسمبر 1943، برشلونة) هو مغني وكاتب أغاني وشاعر موسيقي إسباني.
http://www.wikidata.org/entity/Q74287,2,الهوبيت، أو هناك وهناك مرة أخرى هو رواية الخيال وكتاب الأطفال من قبل المؤلف الإنجليزي J. R. R. تولكين.,"الهوبيت (أو ذهاباً وعودة) (بالإنجليزية: The Hobbit, or There and Back Again) هي رواية خيالية بقلم الكاتب البريطاني ج."
http://www.wikidata.org/entity/Q192055,2,كانت مذبحة نانكينج أو مذبحة نانجينغ، المعروفة أيضا باسم اغتصاب نانكينغ أو اغتصاب نانجينغ، حلقة خلال الحرب الصينية اليابانية الثانية من القتل الجماعي والاغتصاب الجماعي من قبل القوات اليابانية ضد سكان نانجينغ (ثم تم توضيحها نانكينغ)، ثم عاصمة جمهورية الصين.,مذبحة نانجنغ هي مذبحة قام بها الجيش الياباني بمدينة نانجنغ (بالصينية : 南京) (بالإنجليزية: Nánjīng) وتعني عاصمة الجنوب (الرمز الأول يعني عاصمة والثاني يعني جنوب) هي مدينة في جنوبي الصين.
http://www.wikidata.org/entity/Q131419,2,السجق هو طعام مصنوع عادة من اللحم البري، غالبا لحم الخنزير ولحم البقر أو لحم العجل، جنبا إلى جنب مع الملح والتوابل وفتات الخبز، مع الجلد من حوله.,النقانق، ويعرف أيضا باسم السُجُق، هو اللحم المبهر الموضوع في الأمعاء الدقيقة لهذا الحيوان ويتم تحضير السجق من اللحم المفروم بعد إضافة الملح والتوابل.
http://www.wikidata.org/entity/Q346141,2,"(آدا كاليه) من اللغة التركية: أداكال تعني ""جزيرة القلعة""، المجرية: أوجورسوفا أو آدا كاليه، الصربية والبلغارية: كانت جزيرة أداكال) جزيرة صغيرة على نهر الدانوب يسكنها في الغالب الأتراك الذين غمرهم الماء أثناء بناء مصنع الطاقة الكهرومائية بوابات الحديد في عام 1970.",ادا كاله باللغة التركية (Adakale) كانت جزيرة صغيرة تقع على نهر الدانوب معظم سكانها من الأتراك، التي غرقت بسبب بناء بوابة محطة الكهرباء الحديدية الأولى الكهرومائية في عام 1970.
http://www.wikidata.org/entity/Q159610,2,فلوري هي مدينة ساحلية وبلدية في جنوب ألبانيا.,فلوره (بالألبانية: Vlorë) هي من كبرى مدن ألبانيا وثاني ميناء في البلاد بعد دراج.
http://www.wikidata.org/entity/Q139626,2,إكواتور هي واحدة من المحافظات العشر في جمهورية الكونغو الديمقراطية.,"إكواتور واحدة من إحدى عشر محافظات ""جمهورية الكونغو الديمقراطية""."
http://www.wikidata.org/entity/Q633053,2,سورف's أوب هو فيلم كوميدي كوميدي من عائلة آش برانون وكريس باك.,"ركوب الأمواج (بالإنجليزية: Surf's Up سرفز آب) هو فيلم رسوم متحركة مرسوم بواسطة الكمبيوتر رشح لجائزة الأوسكار, وهو من إنتاج رسومات سوني المتحركة والأصوات من بطولة شيا لابوف, زووي داسكنال, جيف برديجيز, جون هيدير وأخرون."
http://www.wikidata.org/entity/Q157371,2,زوستيرا هو جنس صغير من الأعشاب البحرية الموزعة على نطاق واسع، ويسمى عادة إلغراس البحرية أو (خارج أمريكا الشمالية) ببساطة إيلغراس.,الحزامية أو الغمرة أو الزوستيرة (الاسم العلمي:Zostera) هي جنس من النباتات يتبع الفصيلة الحزامية من رتبة المزماريات.
http://www.wikidata.org/entity/Q497130,2,ماسلويس ([ماسليوس]) هي بلدة في غرب هولندا، في مقاطعة جنوب هولندا.,ماسلاوس Maassluis ملف:Ltspkr.png هي مدينة في غرب هولندا، في مقاطعة جنوب هولندا.
http://www.wikidata.org/entity/Q557947,2,كورتيس دي بازا هي بلدية تقع في مقاطعة غرناطة، إسبانيا.,بلدية كورتيس دي باثا (بالإسبانية: Cortes de Baza) هي بلدية تقع في مقاطعة غرناطة التابعة لمنطقة أندلوسيا جنوب إسبانيا.
http://www.wikidata.org/entity/Q7010,2,ليونبرغ هي مدينة في ولاية بادن فورتمبيرغ الاتحادية الألمانية إلى الغرب من شتوتغارت، عاصمة الولاية.,ليونبرغ (وورتمبرغ) (بالألمانية: Leonberg) هي Grosse Kreisstadt، مدينة و بلدة ألمانية تقع في ألمانيا في بوبلينغين.
http://www.wikidata.org/entity/Q244350,2,ال التعريف، ريد-كريستد، بوكارد، (نيتا، روفينا)، نوكأ، أداة تعريف إنجليزية غير معروفة، رحب، غوص، بطة.,ونس (الاسم العلمي: Netta rufina) (بالإنجليزية: Redcrested Pochard) هو طائر ينتمي إلى إوزيات (فصيلة: Anatidae).
http://www.wikidata.org/entity/Q685028,2,شوكو ناكاغاوا (中 川 翔 子 ناكاغاوا شوكو، من مواليد 5 مايو 1985 في طوكيو) هو تارنتو ياباني (شخصية إعلامية)، ممثلة، ممثلة صوت، مصور، ومغنية.,شوكو ناكاغاوا (中川翔子 ناكاغاوا شوكو) هي مطربة وممثلة يابانية ولدت في 5 مايو 1985 في ناكانو، طوكيو.
http://www.wikidata.org/entity/Q40320,2,كاسوريت بريمو (لهجة ميلانو من لومبارد الغربية: Casurà) هي بلدية كومونيا في مقاطعة بافيا في المنطقة الإيطالية لومباردي، وتقع على بعد حوالي 20 كيلومترا (12 ميل) جنوب غرب ميلانو وحوالي 20 كيلومترا (12 ميل) شمال غرب بافيا .,كاسورات بريمو (بالإيطالية: Casorate Primo) هي بلدة تقع في مقاطعة بافيا بإقليم لومبارديا في شمال إيطاليا.
http://www.wikidata.org/entity/Q1231009,2,التتويج نابليون (الفرنسية: لو ساكر دي نابليون) هو اللوحة التي أنجزت في عام 1807 من قبل جاك لويس ديفيد، الرسام الرسمي نابليون. اللوحة لديها أبعاد فرض، كما هو تقريبا 10 أمتار (33 قدم) واسعة من قبل قليلا أكثر من 6 أمتار (20 قدم) طويل القامة.,تتويج نابليون هي لوحة تم الانتهاء من رسمها في سنة 1807 من قبل الرسام جاك لوي دافيد، الذي كان يعتبر الرسام الرسمي لنابليون.
http://www.wikidata.org/entity/Q318245,2,تشويبالسان (المنغولية: Чойбалсан) هي رابع أكبر مدينة في منغوليا.,تشويبالسان (باللغة المنغولية: Чойбалсан) هي رابع أكبر مدينة في منغوليا.
http://www.wikidata.org/entity/Q72221,2,مارانو دي نابولي [مارابينو دي نابولي] (نابولي: مارانو 'e نابول) هو كومون (بلدية) في مدينة نابولي المتروبوليتان في المنطقة الإيطالية كامبانيا، وتقع على بعد حوالي 9 كيلومترات شمال غرب نابولي.,Marano di Napoli مارانو دي نابولي هي مدينة في جنوب إيطاليا في مقاطعة نابولي، ضمن إقليم كامبانيا، تبعد عن نابولي 9 كيلومترات، ومساحتها 15.5 كيلومتر مربع، عدد سكانها 58.938 نسمة.
http://www.wikidata.org/entity/Q78994,2,كانت الحروب النابليونية (1803-1815) سلسلة من الصراعات الكبرى التي تألقت الإمبراطورية الفرنسية، بقيادة نابليون الأول، ضد مجموعة من القوى الأوروبية تشكلت في تحالفات مختلفة.,الحروب النابليونية هو مصطلح يستخدم في تعريف سلسلة الحروب التي وقعت في أوروبا خلال فترة حكم نابليون بونابرت لفرنسا.
http://www.wikidata.org/entity/Q23484,2,العام 695 (دسكف) كان عاما شائعا ابتداء من يوم الجمعة (رابط سيعرض التقويم الكامل) للتقويم جوليان.,سنة 695 كانت سنة بسيطة تبدأ يوم الجمعة (الرابط يظهر نموذج التقويم الكامل للسنة) من التقويم اليولياني.
http://www.wikidata.org/entity/Q20070,2,كريميتشاو ([kʁɪmɪtʃaʊ]) هي بلدة في منطقة زويكاو في ولاية ساكسونيا الحرة.,كريميتشوا (بالألمانية: Crimmitschau) هي بلدة ألمانية و Grosse Kreisstadt تقع في ألمانيا في ساكسونيا.
http://www.wikidata.org/entity/Q656297,2,فالويغ هي بلدية أورتسغيميند - وهي بلدية تنتمي إلى فيرباندزجميند، وهي نوع من البلدية الجماعية - في منطقة كوتشيم-زيل في راينلاند بالاتينات بألمانيا.,فالويغ (بالألمانية: Valwig) هي بلدة ألمانية تقع في ألمانيا في راينلند بالاتينات.
http://www.wikidata.org/entity/Q6563,2,كراسنويارسك كراي (الروسية: Красноярский край، كراسنويارسكي كراي؛ [كرسنجارسكوج كراج]) هو موضوع اتحادي لروسيا (كراي).,كراسنويارسك كراي هي إحدى الكيانات الفدرالية في روسيا.
http://www.wikidata.org/entity/Q76997,2,"كان موسى مندلسوهن (6 سبتمبر 1729 - 4 يناير 1786) فيلسوف يهودي ألماني، مع أفكاره الحسكة، ""التنوير اليهودي"" في القرنين الثامن عشر والتاسع عشر، مدينون.",موسى مندلسون (بالعبرية: משה מנדלסון) (بالإنجليزية: Moses Mendelssohn) (مواليد 6 سبتمبر 1729 في ديساو - الوفاة 4 يناير 1786 في برلين) وهو فيلسوف يهودي ألماني دافع عن التسامح الديني و كان من رواد حركة هاسكالا (التنوير) التي نادت بضرورة اندماج اليهود في المجتمعات الأوروبية ونشر التنوير والتسامح و فصل الدين عن الدولة.
http://www.wikidata.org/entity/Q105264,2,بوجوشار (روسيان: Богучар) هي مدينة ومركز إداري في منطقة بوجوشارسكي في فورونيج أوبلاست، روسيا، وتقع على نهر بوغشار (رافد من دون)، 243 كيلومترا (151 ميل) جنوب فورونيج، المركز الإداري لل موسكو.,بوغوتشار (بالروسية: Богучар) هي إحدى مدن روسيا في الكيان الفدرالي الروسي فورونيج أوبلاست.
http://www.wikidata.org/entity/Q688082,2,باتا (المعروف أيضا باسم منظمة الأحذية باتا) هي الشركة المصنعة للأحذية والأزياء والإكسسوارات العالمية المملوكة للأسرة وتاجر التجزئة مع مقر بالنيابة يقع في لوزان، سويسرا.,أحذية باتا (بالإنجليزية: Bata Shoes) هي شركة عالمية ذات أصل تشيكي تصنع وتوزع جميع أنواع الأحذية ولوازمها عبر العالم.
http://www.wikidata.org/entity/Q196380,2,سوليغاليتش (الروسية: Солигалич) هي المدينة والمركز الإداري لمنطقة سوليغاليشسكي في منطقة كوستروما، روسيا، وتقع على الضفة اليمنى لنهر كوستروما.,سولغالتش (بالروسية: Солигалич) هي إحدى مدن روسيا في الكيان الفدرالي الروسي كوستروما أوبلاست.
http://www.wikidata.org/entity/Q134720,2,مارتينا هينجيس (ولدت في 30 سبتمبر 1980) هو لاعب التنس المهنية السويسري الذي هو حاليا في المرتبة العالم رقم,مارتينا هينجيز (بالإنجليزية: Martina Hingis) مواليد 30 سبتمبر 1980 في سلوفاكيا، هي لاعبة كرة مضرب سويسرية تلعب باليد اليمنى بدأت مسيرتها كمحترفة عام 1994.
http://www.wikidata.org/entity/Q25389,2,جوتلاند (/ دتلند /؛ الدانماركية: جيلاند [jylanˀ]؛ الألمانية: جوتلاند [جيتلانت])، والمعروفة أيضا باسم شبه جزيرة سيمبريان (الدانماركية: دن كيمبريسك هالفو الألمانية: كيمبريش هالبينسل)، هي شبه جزيرة من شمال أوروبا التي تشكل الجزء القاري من الدنمارك والجزء الشمالي من ألمانيا.,يوتلاند (الدانماركية: Jylland ؛ الألمانية : Jütland ؛ الألمانية المنخفضة: Jüütland) شبه جزيرة أوروبية، تشكل الجزء القاري من الدنمارك والجزء الشمالي من ألمانيا تشمل أحيانا التسمية الجغرافية لجزر فريزيا جزر بحر فادن الدانمركية الواقعة قليلا إلى الشمال على الساحل الغربي ليولاند في الدانمرك مع هذا ليست مدرجة في منطقة فريزيا.
http://www.wikidata.org/entity/Q5560,2,السنة 1295 (مككسكف) كان عاما شائعا ابتداء من يوم السبت (رابط سيعرض التقويم الكامل) للتقويم جوليان.,سنة 1295 كانت سنة بسيطة تبدأ يوم السبت (الرابط يظهر نموذج التقويم الكامل للسنة) من التقويم اليولياني.
http://www.wikidata.org/entity/Q25448,2,البربرية أو اللغات الأمازيغية أو اللهجات (الاسم البربري: تامازيت، الأمازيغية، ⵜⴰⵎⴰⵣⵉⵖⵜ [تمزوت]، [θæmæzɪɣθ]) هي عائلة من لغات ولهجات مشابهة وذات صلة وثيقة بالشعوب الأصلية في شمال أفريقيا.,الأمازيغية أو ⵜⴰⵎⴰⵣⵉⵖⵜ تامازیغت Tamaziɣt هي إحدى اللغات القديمة وتنتمي لعائلة اللغات الأفروآسيوية ويتحدث بها الأمازيغ وهم سكان شمال أفريقيا الأصليون.
http://www.wikidata.org/entity/Q152855,2,كانت مملكة تونغنينغ (الصينية المبسطة: 东 宁王国؛ الصينية التقليدية: 東 寧王國؛ بينيين: دانغنينغ Wángguó) أو مملكة فورموزا حكومة حكمت جزءا من جنوب غرب تايوان بين 1661 و 1683.,مملكة تونغنينغ (بالصينية: 東寧王國) كانت إحدى حكومات قومية الهان لحكم تايوان بين عامي 1661 و 1683.
http://www.wikidata.org/entity/Q20513,2,بيترالونغا هو كومون (بلدية) في مقاطعة بيروجيا في المنطقة الإيطالية أومبريا، وتقع على بعد حوالي 35 كم (22 ميل) شمال بيروجيا.,بييترالونجا (بالإيطالية: Pietralunga) هي بلدية في مقاطعة بيرودجا في إقليم أومبريا في إيطاليا.
http://www.wikidata.org/entity/Q13914,2,يان مارتل (مواليد 1963) هو كاتب كندى اشتهر برواية الحائز على جائزة مان بوكر الحائزة على جائزة ليف أوف بي، وهو أحد أفضل الكتب مبيعا عالميا في أكثر من 50 منطقة.,"يان مارتل (بالإنجليزية: Yann Martel) (ولد في 25 يونيو 1963) هو كاتب كندي من أصل إسباني اشتهر بروايته حياة باي التي حازت على جائزة البوكر على الرغم من أن لغته الأولى هي الفرنسية ولكن قام يان مارتل بكتابة الرواية باللغة الإنجليزية معللاً بقوله: ""اللغة الإنجليزية هي اللغة التي هي الأفضل لي في التعبير عن دهاء الحياة."
http://www.wikidata.org/entity/Q35672,2,وجزر بيتكيرن (بيتكيرن /؛ بيتكيرن: بيتكيرن أيلن)، رسميا بيتكيرن، هي مجموعة من أربع جزر بركانية في جنوب المحيط الهادئ تشكل أقاليم ما وراء البحار البريطانية في المحيط الهادئ.,جزر بيتكيرن (Pitcairn Islands) هي مجموعة مكونة من أربعة جزر، التي من بينها جزيرة بيتكيرن (ثاني أكبرهم) المسكونة.
http://www.wikidata.org/entity/Q134473,2,غورباتوف (الروسية: Горбатов) هي مدينة في منطقة بافلوفسكي في نيجني نوفغورود أوبلاست، روسيا، وتقع على ضفة نهر أوكا في ميششيرا الأراضي المنخفضة.,غورباتوف (قرية) (بالروسية: Горбатов) هي إحدى مدن روسيا في الكيان الفدرالي الروسي نيزني نوفغورود أوبلاست.
http://www.wikidata.org/entity/Q188822,2,ومصرف التنمية الآسيوي هو مصرف إنمائي إقليمي أنشئ في 19 كانون الأول / ديسمبر 1966 ويقع مقره الرئيسي في مركز أورتيغاس الواقع في ماندالويونغ بمقاطعة مانيلا الكبرى بالفلبين ويحتفظ ب 31 مكتبا ميدانيا في جميع أنحاء العالم من أجل تعزيز التنمية الاجتماعية والاقتصادية في آسيا.,بنك التنمية الآسيوي هو بنك إقليمي للتنمية تأسس سنة 1966 لتعزيز التنمية الاقتصادية والاجتماعية في بلدان آسيا والمحيط الهادئ من خلال القروض والمساعدات التقنية.
http://www.wikidata.org/entity/Q83582,2,جزيرة فرناندينا (المعروفة سابقا باللغة الإنجليزية باسم جزيرة ناربورو، بعد جون ناربورو) هي ثالث أكبر، وأصغر جزيرة في جزر غالاباغوس.,جزيرة فرناندينيا (المعروف سابقا باللغة الإنكليزية باسم جزيرة نربروج (Narbrough Island)) وهي ثالث أكبر جزيرة وأصغرهم سنا في جزر أرخبيل غالاباغوس، وتشكل الجزيرة بؤرة غالابغوس.
http://www.wikidata.org/entity/Q749257,2,جمعية الإنترنت (إيسوك) هي منظمة دولية غير ربحية تأسست في عام 1992 لتوفير القيادة في المعايير المتعلقة بالإنترنت والتعليم والسياسة.,"جمعية الإنترنت (بالإنجليزية: The Internet Society) وتعرف اختصارا باسم ISOC هي منظمة دولية غير ربحية تأسست عام 1992 تقوم بتوجيه ما يتعلق بوضع معايير وسياسات الإنترنت، حيث تصرح بأن مهمتها هي ""التأكد من التطوير المفتوح، وتطور واستخدام الإنترنت من أجل مصلحة كل الناس على وجه الأرض""."
http://www.wikidata.org/entity/Q853058,2,الطيور هي الطيور التي تنتمي إلى واحد من اثنين من الأوامر البيولوجية، وهي الطائر أو الطوف (غاليفورمز) والطيور المائية (أنسريفورمز).,دجاوزيات (الاسم العلمي:Galloanserae) هي أباشة (بالإنجليزية: Subcohort) من الطيور تلي جماعة حديثات الفك التي تتبع صف الطيور الحديثة من طائفة الطيور .
http://www.wikidata.org/entity/Q470429,2,أديل إميلي ساندي (/ sændeɪ / سان-داي؛ من مواليد 10 مارس 1987)، المعروف باسم إميلي ساندي، هو فنان تسجيل اسكتلندي وكاتب أغاني.,"وإسمها الكامل إديل إيميلي جوراجين وإسمها الفني إيميلي ساندي , وهي مغنية وكاتبة أغاني و موسيقية إنكليزية المولد إسكتلندية الأصل بريطانية ولدت في 10 مارس 1987 في مدينة سندرلاند في المملكة المتحدة , أما أصولها فتنحدر من ألفورد من اسكتلندا المملكة المتحدة وهي مغنية آر أند بي و بوب ."
http://www.wikidata.org/entity/Q508438,2,و بريابونيان هو، في الجدول الزمني الجيولوجي إكس، أحدث عصر أو المرحلة العليا من عصر الإيوسين أو سلسلة.,البريابوني (باللاتينية: Priabonian)، وهي رابع مرحلة من فترة الايوسين، حيث تمتد من (37.8) إلى (33.9) مليون سنة مضت.
http://www.wikidata.org/entity/Q1266353,2,التوكانيت ذو الياقات الذهبية (سيلينيدرا راينوارتي) هو نوع من الطيور في عائلة رامفاستيداي.,طويقان ذهبي الطوق (الاسم العلمي:Selenidera reinwardtii) (بالإنجليزية: Golden-collared Toucanet) هو نوع من الطيور يتبع جنس طويقان ثنائي اللون من الفصيلة الطوقانية.
http://www.wikidata.org/entity/Q383415,2,منطقة ليتوميس (أوكريس ليتوميس في التشيك) ​​هي واحدة من سبع مناطق (أوكريس) تقع داخل منطقة Ústí ناد لابم (Ústecký كراج) في جمهورية التشيك.,مقاطعة ليتوميريتسه (بالتشيكية: Okres Litoměřice) هي مقاطعة (أوكريس) في إقليم أوستي ناد لابم في جمهورية التشيك.
http://www.wikidata.org/entity/Q24451,2,حديقة كروجر الوطنية هي واحدة من أكبر احتياطيات اللعبة في أفريقيا.,متنزه كروغر الوطني هو أكبر المتنزهات الوطنية في جنوب أفريقيا.
http://www.wikidata.org/entity/Q748732,2,غوان الأسود (تشامايبيتس ونيكولور) هو نوع من الطيور في عائلة كراسيداي.,غوان أسود (الاسم العلمي:Chamaepetes unicolor) هو نوع من الطيور يتبع جنس الغوان أرضي من فصيلة القرازية .
http://www.wikidata.org/entity/Q490808,2,كونتيسا انتلينا (الألبانية: كونديسا؛ صقلية: كونتيسا) هو كومون صغير من 2،184 نسمة في مقاطعة باليرمو، في صقلية، جنوب إيطاليا.,كونتيسا إنتيلينا (بالإيطالية: Contessa Entellina) أو كونديسا (بالألبانية:Kundisa) هي بلدية صغيرة من 1981 نسمة في مقاطعة باليرمو في صقلية في جنوب إيطاليا.
http://www.wikidata.org/entity/Q199889,2,كوماموتو (熊 本市 كوماموتو-شي) هي عاصمة محافظة كوماموتو في جزيرة كيوشو، اليابان.,مدينة كوماموتو (باليابانية 熊本市) هي المدينة الرئيسية في محافظة كوماموتو، جزيرة كيوشو، اليابان.
http://www.wikidata.org/entity/Q689874,2,الاتحاد فيلادلفيا هو فريق كرة القدم الأمريكية المهنية مقرها في تشيستر، بنسلفانيا التي تنافس في دوري كرة القدم (ملس) في المؤتمر الشرقي للدوري.,فيلادلفيا يونيون (بالإنجليزية: Philadelphia Union) هو فريق كرة قدم محترف الأمريكي ، مقره في مدينة فيلادلفيا،تشيستر،بنسلفانيا، و هو ينافس في الدوري الأمريكي لكرة القدم (MLS).
http://www.wikidata.org/entity/Q244197,2,والكيوي الرمادي قليلا أو الكيوي الرمادي قليلا، أبتيريكس أويني، هو نوع صغير من الكيوي أصلا من الجزيرة الجنوبية في نيوزيلندا (كانوا يعيشون للعيش بالقرب من مارلبوروغ حيث يعيش توكويكا حاليا).,كيوي صغير منقط أو كيوي أويني (الاسم العلمي:Apteryx owenii) هو نوع من الطيور يتبع جنس الكيوي من فصيلة الكيوية .
http://www.wikidata.org/entity/Q127060,2,حمض الفوليك أو حمض الفوليك هو فيتامين ب.,حمض الفوليك (بالإنجليزية: Folic acid) هو فيتامين بي معقّد (معروف كذلك بالفيتامين بي 9) يستعمل من قبل الجسم لإنتاج خلايا الدمّ الحمراء.
http://www.wikidata.org/entity/Q6373,2,المتحف البريطاني هو متحف مخصص للتاريخ البشري والفن والثقافة، ويقع في منطقة بلومزبري في لندن.وهي مجموعة دائمة، ترقيم حوالي 8 ملايين الأعمال، هي واحدة من أكبر وأشمل في الوجود، وينبع من جميع القارات، ويوضح وتوثيق قصة الثقافة البشرية منذ بدايتها وحتى الوقت الحاضر.,المتحف البريطاني (بالإنجليزية British Museum) في لندن هو أكبر متحف في المملكة المتحدة، وأحد أهم المتاحف في تاريخ وثقافة البشر، حيث يعتبر أقدم المتاحف.
http://www.wikidata.org/entity/Q43295,2,فيلينيوف-d'Ascq ([vil.nœv.dask]) هي بلدية في قسم الشمال في شمال فرنسا.,فيلينوف داسك (بالفرنسية: Villeneuve-d'Ascq) هي بلدية في إقليم نور شمال فرنسا.
http://www.wikidata.org/entity/Q14415,2,تاو (أحرف كبيرة Τ، صغيرة τ؛ اليونانية: ταυ [تاف]) هي الرسالة ال 19 من الأبجدية اليونانية.,تاو (باليونانية:ταυ/ταῦ) هو أحد حروف الأبجدية الإغريقية، يأخذ الحرف شكلين الكبير (Τ) والصغير (τ).
http://www.wikidata.org/entity/Q193678,2,أولبريوس (اللاتينية: أنيسيوس أولبريوس أوغستس) (توفي في 22 أكتوبر أو 2 نوفمبر، 472) كان الإمبراطور الروماني الغربي من أبريل أو مايو 472 إلى وفاته.,أوليبريوس (باللاتينية: Olybrius) هو أحد حكام الإمبراطورية الرومانية الغربية، وامتد حكمه من 11 يوليو إلى 23 أكتوبر 472 ميلادي، وكان من أفراد إحدى العائلات النبيلة وأحد مواطني روما.
http://www.wikidata.org/entity/Q13159,2,كانيت لا ريال هي بلدة وبلدية في مقاطعة مالقة، وهي جزء من مجتمع الحكم الذاتي في الأندلس في جنوب إسبانيا.,بلدية كانيتي لا ريال (بالإسبانية: Cañete la Real) هي بلدية تقع في مقاطعة مالقة التابعة لمنطقة أندلوسيا جنوب إسبانيا.
http://www.wikidata.org/entity/Q889008,2,دهغولان (الفارسية: دهگلان، أيضا الرومانية كما دهغولان؛ المعروف أيضا باسم ديه غولان وده-غ-غلان) هي مدينة في وعاصمة مقاطعة دهغولان، مقاطعة كردستان، إيران.,دهغلان (بالإنجليزية: Dehgolan) هي مدينة تقع في إيران في البلدة المركزية.
http://www.wikidata.org/entity/Q762935,2,طوقان جبلية لوحة (أنديجينا لامينروستريس) هو نوع من الطيور في الأسرة رامفاستيداي.,طوقان الجبل مسطح المنقار (الاسم العلمي:Andigena laminirostris) (بالإنجليزية: Plate-billed Mountain Toucan) هو نوع من الطيور يتبع جنس طوقان الجبل من الفصيلة الطوقانية.
http://www.wikidata.org/entity/Q509353,2,ويتموند هي مدينة وعاصمة منطقة ويتموند، في ساكسونيا السفلى، ألمانيا.,فيتموند (بالألمانية: Wittmund) هي بلدة و بلدة ألمانية تقع في سكسونيا السفلى في ألمانيا.
http://www.wikidata.org/entity/Q254106,2,كانت حرب القرم (أكتوبر 1853 - فبراير 1856) صراعا خسرت فيه روسيا أمام تحالف من فرنسا والمملكة المتحدة والإمبراطورية العثمانية وسردينيا.,حرب القرم (بالتركية: Kırım Savaşı) (بالروسية: Восточная война؛ الحرب الشرقية) هي حرب قامت بين الإمبراطورية الروسية والدولة العثمانية في 4 أكتوبر 1853، واستمرت حتى 1856م.
http://www.wikidata.org/entity/Q200252,2,موريليا هي مدينة وبلدية في الجزء الشمالي الشمالي من ولاية ميتشواكان في وسط المكسيك.,موريليا إحدى مدن المكسيك الأوسط.
http://www.wikidata.org/entity/Q500033,2,شاه علم / ʃɑː ɑːləm / هي عاصمة ولاية سيلانغور، ماليزيا وتقع داخل حي بيتالينغ وجزء صغير من منطقة كلانغ المجاورة.,"شاه علام هي عاصمة ولاية سلاغور , ماليزيا، على بعد حوالى 25 كيلومترا (15 ميلا) إلى الغرب من عاصمة البلاد كوالالمبور ."
http://www.wikidata.org/entity/Q12681,2,الخط هو فن مرئي يتعلق بالكتابة.,فن الخط وهو نوع من الفنون البصرية.
http://www.wikidata.org/entity/Q49898,2,هياسينت ريجود ([ʁigo]؛ 18 يوليو 1659 - 29 ديسمبر 1743) كان رساما الباروك الفرنسي من أصل كاتالوني الذي كان مقره في باريس.,هياسنته ريجو (بالفرنسية: Hyacinthe Rigaud) (١٠٦٩-١١٥٦هـ/١٦٥٩-١٧٤٣م) هو مصور فرنسي من أصل كطلاني، صور أشهر عظماء جيله تصويراً دقيقاً، من بينهم لويس الرابع عشر، وفيليب الخامس الإسباني.
http://www.wikidata.org/entity/Q202140,2,روبرت هوارد غروبس (ولد في 27 فبراير 1942 في بوسوم تروت، كنتاكي) هو كيميائي أمريكي وحائز على جائزة نوبل.,روبرت غرابز (Robert H. Grubbs) هو كيميائي أمريكي ولد في 27 فيفري 1942.
http://www.wikidata.org/entity/Q127771,2,والطائرات المقاتلة هي طائرة عسكرية صممت في المقام الأول للقتال الجوي الجوي ضد الطائرات الأخرى، بدلا من القاذفات وطائرات الهجوم، التي تتمثل مهمتها الرئيسية في مهاجمة الأهداف الأرضية.,طائرة مقاتلة هي طائرة عسكرية تستهدف في المقام الأول مهاجمة الطائرات الأخرى، على خلاف قاذفة القنابل والتي صممت في أساسا للهجوم على الأهداف البرية عن طريق إسقاط القنابل، الطائرة المقاتلة صغيرة نسبيا، وسريعة، وأيضا سهل المناورة بها.
http://www.wikidata.org/entity/Q57665,2,جينز ستولتنبرغ (حول هذا الصوت الاستماع؛ ولد 16 مارس 1959) هو سياسي النرويجي الذي هو الأمين العام ال 13 لمنظمة حلف شمال الأطلسي.,ينس ستولتنبرغ (بالإنجليزية: Jens Stoltenberg)؛ (16 مارس 1959)، هو سياسي نرويجي درس الاقتصاد في جامعة أوسلو.
http://www.wikidata.org/entity/Q505147,2,ويل دير ستادت هي بلدة صغيرة من حوالي 19،000 نسمة، وتقع في منطقة شتوتغارت في ولاية بادن فورتمبيرغ الألمانية.,فايل در شتات (بالألمانية: Weil der Stadt) هي مدينة و بلدة ألمانية تقع في بوبلينغين في ألمانيا.
http://www.wikidata.org/entity/Q41746,2,في الأساطير اليونانية، كان أخيل (/ əkɪliːz /؛ اليونانية القديمة: Ἀχιλλεύς، أخيلوس، [أكيلويوس]) بطلا يونانيا لحرب طروادة والطابع المركزي وأكبر محارب للإلياذة هوميروس.,آخيل أحد الأبطال الأسطوريين في الميثولوجيا الإغريقية هو ابن بيليوس ملك فثيا من حورية البحر ثيتس حفيدة التيتانية تيثيس ابنة أورانوس و غايا كان له دور كبير في حرب طروادة التي دارت أحداثها بين الإغريق وأهل طروادة.
http://www.wikidata.org/entity/Q503291,2,حول هذا الصوت نيوديناو هي بلدة في منطقة هايلبرون، بادن فورتمبيرغ، ألمانيا.,نويدناو (بالألمانية: Neudenau) هي مدينة و بلدة ألمانية تقع في ألمانيا في بادن-فورتمبيرغ.
http://www.wikidata.org/entity/Q100044,2,كاستلنيوفو رانغون هو كومون (بلدية) في مقاطعة مودينا في المنطقة الإيطالية إميليا رومانيا، وتقع على بعد حوالي 40 كيلومترا (25 ميل) غرب بولونيا وحوالي 13 كيلومترا (8 ميل) جنوب مودينا.,كاستلنوفو رانجوني (بالإيطالية: Castelnuovo Rangone) هي بلدية في مقاطعة مودينا في إقليم إميليا رومانيا الإيطالي.
http://www.wikidata.org/entity/Q123417,2,كان توماس إراستوس (7 سبتمبر 1524 - 31 ديسمبر 1583) طبيبا سويسريا ولاهوتي اشتهر بالعمل الذي نشر بعد وفاته، حيث قال إن خطايا المسيحيين يجب أن يعاقبوا عليها من قبل الدولة، وليس من قبل الكنيسة حجب الأسرار .,توماس إيراستوس (7 أيلول 1524- 31 كانون أول 1583) طبيب وعالم في الثيولوجيا عرف بكتاب له نشر بعد موته يدعو إلى أن تتولى الدولة العقاب على الخطابا الدينية، لا الكنيسة، وصارت هذه الفكرة تعرف بمذهب الإراستية نسبة إلى إيراستوس.
http://www.wikidata.org/entity/Q862603,2,الاتحاد الديمقراطي الدولي (إيدو) هو تحالف دولي من الأحزاب السياسية يمين الوسط.,"الاتحاد الديمقراطي الدولي (بالإنجليزية: nternational Democrat Union, IDU) هي منظمة دولية من الأحزاب المحافظة، وأحيانا الديمقراطيين المسيحيين، في جميع أنحاء العالم."
http://www.wikidata.org/entity/Q182978,2,مالاكوستراكا هو أكبر من ست فئات من القشريات، التي تحتوي على حوالي 40،000 الأنواع الحية، مقسمة بين 16 أوامر.,لينات الدرقة أو ليِّنات الصَّدف أو القِشريات الرِّخوة (الاسم العلمي:Malacostraca) هي طائفة حيوانية تتبع صف القشريات من شعيبة جميع القشريات .
http://www.wikidata.org/entity/Q658637,2,شركة ميلر تخمير هي شركة تخمير البيرة المملوكة من قبل سابيلر، ومقرها في ميلووكي، ويسكونسن.,شركة ميلر (بالإنجليزية: Miller) لصناعة الجعة وهي شركة أمريكية أسسها فريدريك ميلر في سنة 1855 في مدينة ميلواكي، ويسكنسن.
http://www.wikidata.org/entity/Q6845,2,إلمشورن ([ɛlmshɔʁn]) هي بلدة في منطقة بينيبيرغ في شليسفيغ هولشتاين في ألمانيا.,المزهورن (بالألمانية: Elmshorn) هي بلدة ألمانية تقع في ألمانيا في شليسفيغ هولشتاين.
http://www.wikidata.org/entity/Q207429,2,توكستلا ([توكستلا])، والمعروفة رسميا باسم توكستلا غوتييريز ([توكستلا ɣ̞u: tjereθ]) هي العاصمة وأكبر مدينة في ولاية تشياباس جنوب شرق المكسيك.,توستلا غوتييرز (بالإسبانية: Tuxtla Gutiérrez) هي عاصمة وأكبر مدينة في ولاية تشياباس المكسيكية.
http://www.wikidata.org/entity/Q2699511,2,خوسيه أمادور دي لوس ريوس y سيرانو (30 أبريل 1818 - 17 فبراير 1878) كان مفكرا إسبانيا، في المقام الأول مؤرخ وعالم الآثار من الفن والأدب.,خوسيه أمادور دي لوس ريوس José Amador de los Ríos (1233 - 1295 هـ / 1818 - 1878 م) هو مؤرخ وعالم آثار إسباني.
http://www.wikidata.org/entity/Q192759,2,كانت فنلندا الغربية مقاطعة فنلندا من 1997 إلى 2009.,مقاطعة فنلندا الغربية (بالفنلندية Länsi-Suomen lääni، بالسويدية Västra Finlands län) إحدى مقاطعات فنلندا الست الكبرى .
http://www.wikidata.org/entity/Q152915,2,كان بانزركامفواجين 38 (ر) في الأصل دبابات التشيكية من قبل الحرب العالمية الثانية تصميم.,"بانزر 38 دبابة خفيفة تشيكوسلوفاكية طورت من قبل شركة ČKD، وقد حملت في البداية الاسم LT vzor 38 وهو اختصار لجملة ""دبابة خفيفة طراز 38"" (بالتشيكية:Lehký Tank vzor 38) وبعد أن سيطر الألمان على التشيك غيروا الاسم إلى (Panzerkampfwagen 38(t وحرف التاء راجع إلى التشيك، إلا أن الاسم الشائع هو (Panzer 38(t."
http://www.wikidata.org/entity/Q320792,2,باتا هي مدينة ميناء في مقاطعة ليتورال في غينيا الاستوائية.,باتا (بالإنجليزية: Bata) هي مدينة ساحلية في غينيا الاستوائية.
http://www.wikidata.org/entity/Q241659,2,أغوستا هو كومون (بلدية) في مدينة متروبوليتان روما في المنطقة الإيطالية لاتيوم، وتقع على بعد حوالي 45 كيلومترا (28 ميلا) شرق روما.,أغوستا هي بلدة تقع في العاصمة روما في إيطاليا .
http://www.wikidata.org/entity/Q173113,2,الهندسة الزراعية القديمة (حقل 'اليونانية' القديمة 'قانون' ناموس ') هو العلم والتكنولوجيا لإنتاج واستخدام النباتات للأغذية والوقود والألياف، واستصلاح الأراضي.,علم الزراعة هو مجال متعدد التخصصات يشمل أجزاء من العلوم الاجتماعية والطبيعية والاقتصادية والدقيقة التي تستخدم في فهم الزراعة وتطبيقها.
http://www.wikidata.org/entity/Q1934684,2,ربة بيت هي امرأة تعمل مهنتها الرئيسية أو تدير منزل عائلتها لرعاية أطفالها وتعليمهم، وتخزين الطعام وتخزينه، وشراء السلع التي تحتاجها الأسرة في الحياة اليومية، والتنظيف والحفاظ على المنزل، وجعل الملابس ل والأسرة، وما إلى ذلك - والذين لا يعملون عموما خارج المنزل.,ربة منزل أو ربة بيت هي المرأة التي تختار أن تمتهن العناية ببيتها وتهتم بشؤون أسرتها وتدير أمور حياتهم وفق ما تراه مناسبا.
http://www.wikidata.org/entity/Q270827,2,في الموسيقى، منفردا (من الإيطالية: منفردا، وهذا يعني وحده، على الرغم من أسولو يستخدم الآن في إيطاليا عندما يشير إلى الموسيقية منفردا) هو قطعة أو مقطع من قطعة لعبت أو تغنى من قبل واحد الأداء.,سولو (بالإيطالية: Solo، وتعني الوحيد، مع أن تعبير أسولو assolo هو المستعمل في إيطاليا للإشارة إلى السولو الموسيقي) هو تعبير موسيقي يقصد به أي مقطوعة أو مقطع موسسيقي يعزفها أو يغنيها مؤدي منفرد.
http://www.wikidata.org/entity/Q2634,2,"نابولي (/ نيبلز /؛ الإيطالية: نابولي [نابولي]، نابولي: نابولي [nɑːpulə]؛ اللاتينية: نيابوليس؛ اليونانية القديمة: Νεάπολις، بمعنى ""مدينة جديدة"") هي عاصمة المنطقة الإيطالية كامبانيا وثالث أكبر بلدية في إيطاليا، بعد روما وميلانو.",نابولي (بالإيطالية: Napoli) هي ثالث أكبر مدن إيطاليا، تقع في جنوب البلاد، على ساحل البحر الأبيض المتوسط.
http://www.wikidata.org/entity/Q1631872,2,جايينا هي بلدية تقع في مقاطعة غرناطة، إسبانيا.,بلدية خايينا (بالإسبانية: Jayena) هي بلدية تقع في مقاطعة غرناطة التابعة لمنطقة أندلوسيا جنوب إسبانيا.
http://www.wikidata.org/entity/Q30640,2,كان العام 111 (سكسي) عاما شائعا ابتداء من يوم الأربعاء (رابط سيعرض التقويم الكامل) للتقويم جوليان.,سنة 111 (بالأرقام الرومانية: CXI) كانت سنة بسيطة تبدأ يوم الأربعاء (الرابط يظهر نموذج الجدول الزمني الكامل للسنة) من التقويم اليولياني.
http://www.wikidata.org/entity/Q3236003,2,صلابة هو مقياس لكيفية المواد الصلبة المقاومة هو أنواع مختلفة من تغيير شكل دائم عندما يتم تطبيق قوة الضغط.,القساوة أو العسرة أو الصلادة (بالإنجليزية: Hardness) ، هي خاصية للمواد تحدد مدى قابلية المادة لتحمل الخدش.
http://www.wikidata.org/entity/Q107626,2,"سيث (بالعبرية: שֵׁת، مجموعة، مجموعة؛ العربية: شيث (شيث)، وضعت، عين "")، في اليهودية والمسيحية، مندائية، والإسلام، وكان الابن الثالث لآدم وحواء وشقيقه قابيل وهابيل، الذين كانوا الوحيد الآخر من أطفالهم المذكورة بالاسم في تاناخ (الكتاب المقدس العبرية).",شيث (بالعبرية שֵׁת) نبي من انبياء ديانة الصابئة المندائيون ويسمى بشيتل، وأيضاً هو شخصية توراتية ورد ذكرها في سفر التكوين وذكر في أحاديث نبوية إسلامية وهو الابن الثالث لآدم وحواء.
http://www.wikidata.org/entity/Q50114,2,أوبي هي كومون وبلدة في مقاطعة لاكويلا في منطقة أبروتسو في وسط إيطاليا.,أوبي (بالإيطالية: Opi) هي بلدية في مقاطعة لاكويلا في إقليم أبروتسو الإيطالي.
http://www.wikidata.org/entity/Q271783,2,تورنهوت ([ترنوت]) هي بلدية بلجيكية تقع في المقاطعة الفلمنكية في أنتويرب.,تورنهاوت (تنطق بالهولندية: [ˈtʏrnɦʌu̯t]) هي بلدية تقع بالإقليم الفلامندي بمقاطعة أنتفيرب، بلجيكا.
http://www.wikidata.org/entity/Q203726,2,لاكي أو لاكاجيغار (حفر لاكي) هو الشق البركاني في جنوب أيسلندا، وليس بعيدا عن وادي Edgjá والقرية الصغيرة كيركجوبجاركلاوستر.,"لاكي ( بالآيسلندية: Lakagígar ) هو بركان تصدعي يقع في جنوب آيسلندا , اندلعت حمم بركانية استمرت ثمانية عشر شهرا بين عام 1783 و 1784 أدى إلى اندلاع مواد سامة مثل حمض الهيدروفلوريك و ثنائي أكسيد الكبريت التي قتلت أكثر من 50% من الحيوانات في آيسلندا مما أدت إلى مجاعة التي توفي فيها ما يقارب 25% من سكان الجزيرة ."
http://www.wikidata.org/entity/Q30316,2,السنة 49 (زليكس) كانت سنة شائعة ابتداء من يوم الأربعاء (رابط سيعرض التقويم الكامل) للتقويم جوليان.,سنة 49 (بالأرقام الرومانية: XLIX) كانت سنة بسيطة تبدأ يوم الأربعاء (الرابط يظهر نموذج الجدول الزمني الكامل للسنة) من التقويم اليولياني.
http://www.wikidata.org/entity/Q60576,2,وكان ويلهلم هاينريش واكنرودر (13 يوليو 1773 - 13 فبراير 1798) فقيه وكاتب ألماني.,فلهلم هاينريش فاكنرودر (بالألمانية: Wilhelm Heinrich Wackenroder)، هو كاتب ألماني.
http://www.wikidata.org/entity/Q824225,2,الخطوط الجوية الملكية الأردنية (الملكية الأردنية): شركة الطيران الأردنية هي شركة الطيران الناقلة في الأردن، ومقرها الرئيسي في عمان بالأردن، حيث تقوم بتشغيل الخدمات الدولية في أربع قارات من قاعدتها الرئيسية في مطار الملكة علياء الدولي المطار في عمان (أم) الأردن.,الملكية الأردنية هي خطوط الطيران الرسمية للملكة الأردنية الهاشمية، وتقع مكاتبها الرئيسية في العاصمة عمان.
http://www.wikidata.org/entity/Q170484,2,ليغو (/ lɛɡoʊ /) هو خط من اللعب البناء البلاستيكية التي يتم تصنيعها من قبل مجموعة ليغو، وهي شركة خاصة مقرها في بيلوند، الدنمارك.,ليغو (بالإنجليزية: LEGO) هو اسم لعبة تركيب تصنّعها شركة ليغو غروب الدنماركية.
http://www.wikidata.org/entity/Q605208,2,Český كروملوف ديستريكت (التشيكية: أوكريس Český كروملوف) هي منطقة (أوكريس) داخل المنطقة الجنوبية البوهيمية في جمهورية التشيك.,مقاطعة تشيسكي كروملوف (بالتشيكية: Okres Český Krumlov) هي مقاطعة (أوكريس) في إقليم جنوب بوهيميا في جمهورية التشيك.
http://www.wikidata.org/entity/Q154882,2,مرض ليجيونايرز، المعروف أيضا باسم داء الفيلق أو حمى الفيلق، هو شكل من أشكال الالتهاب الرئوي غير النمطي الناجم عن أي نوع من البكتيريا الليجيونيلا.,داء الفيالقة أو حُمّى الفَيلَق (بالإنجليزية: Legionnaires Disease) هو داء تنفسي حادّ أحياناً يكون قاتلاً وتسببه الفَيلَقِيَّةُ المُسْتَرْوِحَة.
http://www.wikidata.org/entity/Q56005,2,السير ريدلي سكوت (ولد في 30 نوفمبر 1937) هو مخرج ومنتج سينمائي إنجليزي.,ريدلي سكوت (بالإنجليزية: Ridley Scott) مخرج ومنتج أفلام بريطاني من مواليد 30 نوفمبر 1937.
http://www.wikidata.org/entity/Q172353,2,بيروس (/ بيرس /؛ Πύρρος، بيرهوس؛ 319 / 318-272 قبل الميلاد) كان جنرال يوناني ورجل دولة في الفترة الهلنستية.,بيروس الإبيري أو بيرهوس الإبيري (319 ق.م.
http://www.wikidata.org/entity/Q29231,2,فرانس سنايدرز أو فرانس سنيجدرز (11 نوفمبر 1579، أنتويرب - 19 أغسطس 1657، أنتويرب) كان الرسام الفلمنكي للحيوانات، ومشاهد الصيد، ومشاهد السوق والحياة الساكنة.,فرانس سنايدرز (بالإنجليزية: Frans Snyders) (و.
http://www.wikidata.org/entity/Q3734,2,جمهورية أديغيا (/ɑːdᵻɡeɪ.ə/؛ الروسية: Республика Адыгея، ريسبوبليكا أديجيا؛ [ɐdɨɡʲejə]؛ أديغي: Адыгэ Республик، أديج ريسبوبليك)، المعروف أيضا باسم جمهورية أديغي، هو موضوع اتحادي لروسيا (جمهورية)، مع أراضيها محاطة داخل كراسنودار كراي.,"أديغيا هي إحدى جمهوريات الفدرالية الروسية ذات الحكم الذاتي، في قوقاز، يحيطها بالكامل إقليم كراسنودار كراي من جميع الجهات، إلا أنها قريبة من البحر الأسود وجمهورية جورجيا من الجنوب الشرقي، وجمهورية قراتشاي - تشيركيسيا الروسية من الشرق، وباقي أقاليم روسيا الاتحادية من الشمال الشرقي والشمال، ومساحتها 7,800 كم2، وسكانها حوالي 444,000 نسمة، وعاصمتها مايكوب وسكانها 145,000 نسمة."
http://www.wikidata.org/entity/Q40935,2,زيربو هو كومون (بلدية) في مقاطعة بافيا في المنطقة الإيطالية لومباردي، وتقع على بعد حوالي 45 كم جنوب شرق ميلانو وحوالي 20 كم جنوب شرق بافيا.,زيربو (بالإيطالية: Zerbo) هي بلدة تقع في مقاطعة بافيا بإقليم لومبارديا في شمال إيطاليا.
http://www.wikidata.org/entity/Q1186316,2,والحزب الديمقراطي لكوسوفو (الألبانية: حزب بارتيا ديموكراتيك ه كوسوفيتش) هو أكبر حزب سياسي في كوسوفو.,"حزب الاتحاد الديموقراطي الكوسوفي (بالألبانية : Lidhja Demokratike e Kosovës, LDK ) هو أكبر الأحزاب السياسية بكوسوفا كان يترأسه قائد الشعب إبراهيم روجوفا بالإضافة لكونه رئيس كوسوفا ، حتى وفاته بالواحد والعشرين من يناير لعام 2006 ."
http://www.wikidata.org/entity/Q1270466,2,و تشاتشالاكا قليلا (أورتاليس موتموت) هو طائر صغير وجدت فقط في الجزء الشمالي من أمريكا الجنوبية.,شاشالاكا صغير (الاسم العلمي:Ortalis motmot) هو نوع من الطيور يتبع جنس الشاشالاكا من فصيلة القرازية .
http://www.wikidata.org/entity/Q8765,2,أراغونيز (/ ˌærəɡɒniːz /؛ أراغونيس [أونيسونيس] في أراغونيز هي لغة رومانسية تحدث اليوم في عدة أصناف محلية من بين 10،000 و 30،000 شخص في جميع أنحاء وديان جبال البرانس في أراغون، إسبانيا، وخاصة في كوماركاس سومونتانو دي بارباسترو، جاسيتانيا ، ألتو غاليغو، سوبرارب، وريباجورزا.,اللغة الأراغونية (Aragonés) هي لغة رومانسية يستخدمها أكثر من 11.000 شخص في الأودية القريبة من نهر أراغون وريباغورزا في أراغون، إسبانيا.
http://www.wikidata.org/entity/Q781876,2,و بيست أويستركاتشر (هيماتوبوس لونجيروستريس) هو نوع من أويستركاتشر.,صائد المحار طويل المنقار (الاسم العلمي:Haematopus longirostris) (بالإنجليزية: Pied Oystercatcher) هو نوع من الطيور يتبع جنس صائد المحار من فصيلة صائدات المحار .
http://www.wikidata.org/entity/Q200894,2,بيسويلر ([baːsvaɪlɐ]) هي بلدية في منطقة آخن، شمال الراين وستفاليا، ألمانيا.,بيزوايلر (بالألمانية: Baesweiler) هي مدينة و بلدة ألمانية تقع في ألمانيا في آخن.
http://www.wikidata.org/entity/Q749180,2,سيلفس ([siɫvɨʃ]) هي بلدية في الغارف البرتغالي في جنوب البرتغال.,"شلب (بالبرتغالية: Silves؛ ""سيلفس"") مدينة في جنوب البرتغال تتبع مقاطعة الغرب."
http://www.wikidata.org/entity/Q17290,2,بريغنانو-فراساتا هي بلدية تقع في مقاطعة اليساندريا في منطقة بيدمونت الإيطالية، على بعد 110 كيلومترا تقريبا (68 ميلا) شرق تورينو وحوالي 35 كيلومترا (22 ميل) جنوب شرق اليساندريا.,برينيانو فراسكاتا (بالإيطالية: Brignano-Frascata) هي بلدية في مقاطعة ألساندريا في إقليم بييمونتي في إيطاليا.
http://www.wikidata.org/entity/Q435295,2,ألتدورف بي نورنبرغ ([ألتدوف با ننبك]) هي بلدة في جنوب شرق ألمانيا.,آلتدورف نزديك نورنبرغ (بالألمانية: Altdorf bei Nürnberg) هي مدينة و بلدة ألمانية تقع في ألمانيا في Nürnberger Land.
http://www.wikidata.org/entity/Q1301378,2,روزيفينتش (كاربوداكوس بونيسوس) الأحمر هو نوع من روسيفينتش في عائلة عصفور فرينجيليداي.,جزم أحمر الوجه (الاسم العلمي:Carpodacus puniceus) (بالإنجليزية: Red-fronted Rosefinch) هو نوع من الطيور يتبع جنس الجزم من فصيلة الشرشوريات.
http://www.wikidata.org/entity/Q182672,2,"(زوزونوسيس)؛ من اليونانية: ζῷον زون ""الحيوان"" و όσόσος نوسوس ""مرض"") هي الأمراض المعدية للحيوانات (الفقاريات عادة)، و (زوزونوسيس) (/ˌzoʊ.ənoʊsᵻs/، الجمع - / نوسيز / التي يمكن أن تنتقل بشكل طبيعي إلى البشر.",المرض حيواني المنشأ أو حيواني المصدر أو مرض مشترك (بالإنجليزية: zoonosis) هو المرض المعدي الذي يسرى في الحالة الطبيعية بين الحيوانات الفقارية البرية أو الأليفة ويمكن أن ينتقل منها إلى الإنسان.
http://www.wikidata.org/entity/Q1143722,2,مسرح ومتحف دالي (كاتالان: تيتر-موسيو Dalí، titɾə موزو ðəɫi]، الإسبانية: مسرح موسو Dalí)، هو متحف للفنان سلفادور دالي في منزله في فيغيرز، في كاتالونيا، إسبانيا.,مسرح ومتحف دالي (بالكتلانية:Teatre-Museu Dalí) هو متحف الفنان سلفادور دالي في مسقط رأسه في مدينة فغيراس في كتلونيا.
http://www.wikidata.org/entity/Q279711,2,فينافرو (اللاتينية: فينافروم؛ اليونانية: Οὐέναφρον) هو كومون في محافظة إيسرنيا، منطقة موليزي، إيطاليا.,فينافرو (بالإيطالية: Venafro) هي بلدية في مقاطعة إزيرنيا في إقليم موليزي الإيطالي.
http://www.wikidata.org/entity/Q160931,2,البابا هورميسداس (450 - 6 أغسطس 523) كان البابا من 20 يوليو 514 إلى وفاته في 523.,البابا القديس هرمزيدا (باللاتينية: Hormisdas) ـ (ولد في فروزينوني حوالي سنة 450 م ـ 6 أغسطس 523) هو بابا الكنيسة الكاثوليكية في الفترة من 20 يوليو 514 إلى سنة 523.
http://www.wikidata.org/entity/Q487921,2,كالو ([كالف]؛ محليا [كوالب]) هي بلدة في وسط بادن فورتمبيرغ في جنوب ألمانيا، عاصمة مقاطعة كالو.,كلاو (بالألمانية: Calw) هي district capital، medium regional center، Grosse Kreisstadt، مدينة و بلدة ألمانية تقع في ألمانيا في بادن-فورتمبيرغ.
http://www.wikidata.org/entity/Q2164,2,نينيتس أوكرووموس أوكروغ (الروسية: Ненецкий автономный округ؛ النينيات: Ненёцие автономной ӈокрук، نينيوتس أفتونومنوي ŋokruk) هو موضوع الاتحادية من روسيا (أوكروغ مستقلة من أرخانجلسك أوبلاست).,أوكروغ نينيتس الذاتية هي إحدى الكيانات الفدرالية في روسيا.
http://www.wikidata.org/entity/Q189178,2,فترة نارا (奈良 時代 نارا جيداي) من تاريخ اليابان يغطي سنوات من 710 م إلى 794.,فترة نارا (بـاليابانية: 奈良時代) ما بين (710 م.-784 م.
http://www.wikidata.org/entity/Q1649939,2,بحر بوثنيان (السويدية: بوتنهافيت، الفنلندية: سيلكاميري) يربط خليج بوثنيان (وتسمى أيضا خليج بوثنيا) مع الساحة البلطيقية.,بحر باثينيان (السويدية: Bottenhavet، الفنلندية: Selkämeri) يربط بين خليج باثينيان (ويسمى أيضا خليج بوثنيا) مع بحر البلطيق.
http://www.wikidata.org/entity/Q25797,2,Žilina [ʒilina]؛ الألمانية: سيلين، [زيلان] أو [زلان]؛ الهنغارية: زولنا؛ البولندية: Żelina، الأسماء في لغات أخرى) هي مدينة في شمال غرب سلوفاكيا، على بعد حوالي 200 كيلومترا (120 ميل) من العاصمة براتيسلافا، على مقربة من الحدود التشيكية والبولندية.,جيلينا (باللغة السلوفاكية:Žilina) مدينة تقع شمال غرب سلوفاكيا نحو 200 كيلومتر (120 ميل) من العاصمة براتيسلافا هي رابع أكبر مدينة في سلوفاكيا وتتبع إقليم جيلينا.
http://www.wikidata.org/entity/Q485136,2,روزا إيساكوفنا أوتونبايفا (قرغيزستان وروسيا: Роза Исаковна Отунбаева؛ ولد في 23 أغسطس 1950) دبلوماسي وسياسي قيرغيزستان شغل منصب رئيس قيرغيزستان من 7 أبريل 2010 حتى 1 ديسمبر 2011.,روزا أوتونبايفا (23 أغسطس 1950 -)، سياسية قيرغيزية.
http://www.wikidata.org/entity/Q46242,2,قصر هوفورغ هو القصر الإمبراطوري السابق في وسط فيينا.,هوفبورغ أو قصر هوفبورج (بالألمانية: Hofburg) مقر الأسرة الحاكمة في فيينا من القرن الثالث عشر حتى عام 1918 .
http://www.wikidata.org/entity/Q131758,2,ربات البيوت اليائسات هي سلسلة الكوميديا ​​والدراما الغموض التلفزيون الأمريكي التي أنشأتها مارك الكرز والتي تنتجها استوديوهات أبك والإنتاج الكرز.,ربات بيوت يائسات (Desperate Housewives) هو مسلسل كوميدي درامي أمريكي لاقى نجاحا كبيرا حين عرضه لأول مرة على شبكة أي بي سي الأمريكية في 3 أكتوبر 2004 وكذلك على صعيد الشرق الأوسط من خلال قناة ام بي سي 4 العربية وكان المسلسل قد حاز إثر عرضه على ستة جوائز ايمي.
http://www.wikidata.org/entity/Q378240,2,جورج ريمون كونستانتين رودنباخ (16 يوليو 1855 - 25 ديسمبر 1898) كان شاعرا بلجيا رمزي وروائي.,جورج رودنباخ Georges Rodenbach (ولد في 1855 في بلجيكا – ومات 1898 في باريس) هو شاعر وروائي بلجيكي ينتمي للمدرسة الرمزية.
http://www.wikidata.org/entity/Q776309,2,الحجل روفوس-ثرواتد (أربوروفيلا رفوغولاريس) هو نوع من الطيور في عائلة فاسانيداي.,سمان أصهب الحنجرة (الإسم العلمي: Arborophila rufogularis) هو نوع من أسرة حجلاوات.
http://www.wikidata.org/entity/Q610190,2,صحيفة ديلي اكسبريس هي صحيفة صحيفة وطنية متوسطة السوق اليومية في المملكة المتحدة.,ديلي إكسبريس (بالإنجليزية:Daily Express) صحيفة بريطانية يومية ذات سياسة محافظة أسسها السيد أرثر بيرسون عام 1900.
http://www.wikidata.org/entity/Q79783,2,نوغاليس هي مدينة في مقاطعة سانتا كروز، أريزونا، الولايات المتحدة.,"نوغاليس (بالإنجليزية: Nogales, Arizona) هي مدينة تقع في مقاطعة سانتا كروز، أريزونا بولاية أريزونا في الولايات المتحدة."
http://www.wikidata.org/entity/Q192660,2,كانت معركة أوكيناوا (اليابانية: 沖 縄 戦 هيبورن: أوكيناوا-سين)، التي يطلق عليها اسم عملية ايسبيرج، سلسلة من المعارك التي خاضت في جزر ريوكيو، التي تركزت على جزيرة أوكيناوا، وشملت أكبر هجوم برمائية في حرب المحيط الهادئ خلال العالم الحرب الثانية، 1 أبريل 1945 غزو جزيرة أوكيناوا نفسها.,معركة أوكيناوا هي معركة من معارك الحرب العالمية الثانية وقعت على جزيرة أوكيناوا ما بين القوات اليابانية والقوات الأمريكية في الفترة ما بين 1 أبريل إلى 21 يونيو 1945، وانتهت باحتلال الأمريكيين للجزيرة، وهي تعتبر آخر المعارك الكبيرة في الحرب.
